"respondent_id","region","subscriber_status","tier","age","gender","tenure_months","wtp","satisfaction","prefers_dark_roast","brand_attach_1","brand_attach_2","brand_attach_3","brand_attach_4","brand_attach_5","needs_1","needs_2","needs_3","needs_4","needs_5","needs_6","needs_7","needs_8","needs_9","needs_10","needs_11","needs_12","pre_score","post_score"
1,"Atlantic","Current","Discovery",52,"F",4,28.03,5.3,"Yes",2,1,2,2,2,2,3,2,2,3,4,3,3,4,3,2,3,NA,NA
2,"Atlantic","Current","Standard",34,"M",61,22.48,7.4,"Yes",5,5,5,5,5,3,3,3,3,2,1,3,1,2,3,3,4,7.6,9.2
3,"Atlantic","Lapsed","Signature",47,"F",14,21.01,5.2,"No",2,3,4,2,2,2,2,3,2,2,3,2,3,1,2,3,2,NA,NA
4,"Atlantic","Lapsed","Signature",40,"M",17,23,6.8,"No",4,4,5,4,2,3,3,3,2,2,3,4,3,4,3,2,3,NA,NA
5,"Ontario_prospect","Current","Standard",29,"F",7,19.51,4.2,"No",1,2,2,3,1,4,3,3,3,4,3,4,4,2,3,2,3,NA,NA
6,"Atlantic","Current","Standard",21,"M",15,17.34,5.1,"No",4,3,5,4,3,1,1,3,1,2,3,2,3,2,3,1,2,NA,NA
7,"Atlantic","Current","Signature",61,"Nonbinary",4,23,6,"Yes",4,3,4,4,5,2,3,3,2,2,3,2,2,5,4,4,4,NA,NA
8,"Atlantic","Current","Standard",40,"F",1,18.44,4.5,"No",2,2,3,2,3,2,1,3,4,2,2,4,4,2,2,2,4,NA,NA
9,"Atlantic","Current","Standard",32,"M",13,18.69,6.4,"Yes",5,5,4,5,4,2,2,2,2,4,4,1,4,4,2,2,5,NA,NA
10,"Atlantic","Current","Signature",43,"M",1,24.3,7,"Yes",4,4,3,3,4,3,4,3,3,5,5,4,3,3,4,4,4,5.3,4.1
11,"Atlantic","Lapsed","Standard",24,"M",5,20.67,5.9,"Yes",1,4,3,3,3,5,4,3,3,4,3,4,4,5,5,3,5,NA,NA
12,"Ontario_prospect","Current","Discovery",26,"M",1,22.43,5.8,"No",2,2,4,4,2,2,2,3,3,3,3,4,3,3,2,3,3,5.9,6.8
13,"Ontario_prospect","Current","Standard",49,"M",6,22.05,5.7,"No",3,3,4,2,3,3,3,3,3,4,4,3,5,3,4,3,4,NA,NA
14,"Ontario_prospect","Lapsed","Signature",35,"F",27,17.49,3.9,"Yes",1,2,1,1,2,3,3,4,2,3,3,1,2,3,1,2,3,NA,NA
15,"Atlantic","Current","Signature",53,"M",6,28.51,7,"Yes",1,1,1,1,1,3,3,2,4,3,2,4,3,3,3,3,3,5.7,7.5
16,"Atlantic","Current","Signature",30,"M",11,23.42,5.2,"Yes",1,2,2,1,1,3,2,4,4,2,2,3,3,2,3,2,2,NA,NA
17,"Ontario_prospect","Lapsed","Signature",36,"F",3,16.55,6,"Yes",3,4,3,2,4,2,2,3,2,4,3,4,4,3,1,3,1,NA,NA
18,"Atlantic","Current","Standard",32,"M",52,22.47,5.6,"No",4,5,4,4,4,3,2,2,3,3,2,4,3,1,3,3,3,NA,NA
19,"Atlantic","Current","Standard",53,"F",29,19.69,6.4,"No",5,3,4,5,5,4,4,4,3,2,2,2,1,3,3,3,2,NA,NA
20,"Atlantic","Lapsed","Signature",38,"F",10,20.54,4.5,"No",2,3,3,2,2,3,4,3,4,4,4,5,3,3,3,2,3,NA,NA
21,"Ontario_prospect","Current","Signature",41,"M",35,15.06,5.6,"No",3,4,4,5,5,4,2,3,3,3,1,2,1,4,4,4,2,NA,NA
22,"Ontario_prospect","Current","Discovery",40,"F",15,24.97,6.3,"Yes",4,5,3,3,4,3,3,3,5,3,4,2,2,2,2,2,2,5.5,6.3
23,"Ontario_prospect","Current","Signature",21,"F",7,20.79,6.1,"Yes",3,4,2,2,3,4,4,5,5,4,4,5,3,4,4,5,4,4.8,4.3
24,"Ontario_prospect","Current","Standard",48,"F",8,17.03,5.6,"Yes",3,3,4,3,2,4,5,4,4,2,4,3,3,3,2,3,2,NA,NA
25,"Ontario_prospect","Current","Standard",32,"F",7,14.93,5.7,"Yes",4,3,3,3,5,1,3,2,2,3,3,5,3,2,4,2,1,NA,NA
26,"Atlantic","Current","Standard",38,"F",19,19.91,5.1,"Yes",3,2,1,4,2,1,3,2,1,2,3,2,2,3,2,4,3,NA,NA
27,"Ontario_prospect","Current","Signature",49,"F",29,26.02,6.2,"Yes",3,3,2,4,3,3,3,4,3,4,3,4,4,5,5,3,4,NA,NA
28,"Atlantic","Lapsed","Standard",36,"M",33,15.42,3.6,"Yes",3,3,2,3,2,5,4,4,3,2,2,2,3,4,3,3,3,NA,NA
29,"Atlantic","Current","Discovery",41,"F",7,23.9,6.9,"Yes",3,5,4,3,4,4,3,3,4,3,3,3,4,3,3,3,1,NA,NA
30,"Atlantic","Current","Standard",51,"M",28,20.67,6.4,"No",2,1,1,2,2,4,3,4,3,5,3,5,4,4,4,3,3,NA,NA
31,"Ontario_prospect","Current","Standard",34,"F",3,14.83,4.7,"Yes",3,2,4,3,2,3,2,2,3,3,3,2,1,3,4,3,3,NA,NA
32,"Atlantic","Current","Signature",34,"F",47,23.41,7,"No",2,5,4,3,3,5,4,3,5,5,5,5,4,2,2,2,3,NA,NA
33,"Ontario_prospect","Current","Standard",40,"F",11,14.89,8.1,"Yes",5,4,5,4,5,3,3,2,5,2,2,3,3,1,3,3,3,NA,NA
34,"Ontario_prospect","Lapsed","Standard",50,"F",2,22.08,4.8,"No",2,2,3,3,4,3,2,3,2,2,3,3,1,2,2,1,3,NA,NA
35,"Atlantic","Current","Discovery",42,"F",2,28.07,5.8,"Yes",3,2,2,1,2,1,1,1,1,2,3,3,3,3,1,1,3,NA,NA
36,"Atlantic","Current","Discovery",23,"F",16,24.54,5.6,"No",2,3,3,3,3,2,4,3,2,4,2,3,3,3,2,3,1,6.9,7.4
37,"Atlantic","Current","Standard",28,"F",22,19.48,6.2,"Yes",3,3,2,4,2,3,4,4,5,5,4,4,5,5,3,4,4,NA,NA
38,"Atlantic","Current","Discovery",38,"F",58,25.68,6.9,"Yes",3,4,5,4,5,3,1,3,3,3,3,2,2,2,2,4,3,NA,NA
39,"Ontario_prospect","Current","Signature",29,"F",6,24.33,8.2,"No",3,2,2,2,2,4,5,4,5,3,3,3,3,3,4,4,2,NA,NA
40,"Atlantic","Current","Standard",30,"M",27,23.91,3.5,"Yes",4,3,4,4,3,4,3,4,2,2,2,1,3,2,1,1,1,NA,NA
41,"Ontario_prospect","Current","Discovery",32,"M",15,28.8,6.7,"No",1,3,3,4,2,3,3,4,5,3,3,4,2,3,2,2,3,NA,NA
42,"Atlantic","Current","Standard",32,"F",11,24.53,6.5,"Yes",2,2,2,3,2,4,3,3,3,3,3,3,4,5,5,5,5,NA,NA
43,"Atlantic","Current","Standard",38,"F",4,21.33,4.6,"No",4,4,3,2,3,2,1,1,1,2,2,1,1,3,4,3,3,NA,NA
44,"Atlantic","Current","Signature",22,"M",24,21.62,7.4,"Yes",1,2,5,4,2,5,4,5,3,2,4,4,2,3,4,2,5,NA,NA
45,"Ontario_prospect","Current","Discovery",33,"M",24,30.56,8,"No",5,4,4,5,3,4,2,2,2,3,4,3,2,1,1,1,3,NA,NA
46,"Atlantic","Current","Discovery",35,"M",55,20.64,6.3,"No",2,2,3,2,2,2,3,3,2,1,1,2,2,2,1,3,3,NA,NA
47,"Atlantic","Current","Signature",37,"F",10,21.67,6.4,"Yes",4,4,2,4,2,3,1,3,2,3,3,3,4,4,2,3,3,NA,NA
48,"Atlantic","Current","Signature",53,"F",8,18.21,6.8,"Yes",4,3,3,3,3,3,2,3,2,1,1,3,1,2,2,2,2,NA,NA
49,"Ontario_prospect","Current","Signature",43,"F",7,20.5,5.8,"No",2,1,1,2,1,2,3,2,3,1,2,2,3,3,4,2,2,NA,NA
50,"Atlantic","Lapsed","Standard",25,"Nonbinary",2,17.6,6.9,"Yes",4,4,3,4,5,3,2,3,3,3,3,4,3,4,3,3,4,NA,NA
51,"Atlantic","Lapsed","Signature",21,"M",8,15.49,3,"No",3,2,2,1,2,2,3,2,3,3,3,2,3,4,2,3,3,NA,NA
52,"Atlantic","Current","Standard",54,"F",26,24.75,7,"Yes",5,3,4,5,2,3,4,4,4,2,3,3,3,3,4,3,3,4.8,5.7
53,"Atlantic","Current","Standard",41,"M",9,21.35,5,"Yes",2,4,3,2,1,5,4,5,5,3,3,4,3,2,4,3,4,NA,NA
54,"Atlantic","Lapsed","Signature",37,"M",10,26.88,5.2,"Yes",5,3,4,3,3,1,4,4,1,2,2,3,3,3,3,2,3,NA,NA
55,"Atlantic","Current","Signature",45,"M",5,21.16,7.8,"No",3,3,3,2,4,4,3,4,3,3,3,4,4,5,3,5,4,7.2,8.4
56,"Atlantic","Current","Standard",56,"M",45,24.59,6.1,"No",4,3,3,1,3,4,2,3,4,5,5,4,5,2,3,3,4,NA,NA
57,"Atlantic","Current","Standard",29,"F",6,19.49,3.9,"No",4,3,2,3,5,3,3,3,3,4,2,3,4,2,1,2,2,NA,NA
58,"Atlantic","Current","Signature",49,"M",32,25.61,7.5,"Yes",2,3,3,3,3,4,5,3,4,3,3,4,5,3,3,5,3,6.9,7.7
59,"Ontario_prospect","Current","Signature",34,"F",2,22.08,5,"Yes",3,3,3,3,2,3,3,3,4,3,3,4,4,1,2,3,3,NA,NA
60,"Atlantic","Current","Standard",25,"M",11,20.19,6.4,"Yes",4,2,3,2,1,4,2,2,3,2,3,3,3,3,1,2,3,NA,NA
61,"Atlantic","Current","Signature",40,"M",6,20.18,5.1,"No",3,3,1,3,3,4,4,4,4,4,3,2,2,3,3,3,4,NA,NA
62,"Ontario_prospect","Lapsed","Standard",41,"F",2,18.46,5.2,"No",1,1,2,1,1,3,3,3,3,2,4,3,4,4,3,3,3,NA,NA
63,"Ontario_prospect","Current","Standard",47,"F",2,18.18,5.4,"No",5,3,4,4,3,5,3,3,4,3,4,3,3,4,4,4,3,NA,NA
64,"Ontario_prospect","Current","Standard",38,"M",21,25.24,5.7,"Yes",3,2,4,5,2,2,2,2,3,5,5,4,5,4,4,4,5,5.5,3.7
65,"Atlantic","Current","Standard",54,"M",52,22.25,6.4,"Yes",4,3,4,5,4,4,3,2,2,2,2,3,3,4,3,4,4,NA,NA
66,"Atlantic","Current","Signature",51,"M",7,25.57,5.5,"Yes",2,4,4,4,2,3,4,4,4,1,3,3,2,3,3,3,3,NA,NA
67,"Ontario_prospect","Current","Standard",29,"M",9,17.94,5.9,"Yes",3,2,3,3,3,4,3,5,4,4,4,4,5,4,4,2,4,NA,NA
68,"Atlantic","Current","Discovery",44,"F",22,27.2,6.5,"No",1,2,3,2,3,3,2,2,3,1,1,1,1,3,1,3,3,NA,NA
69,"Atlantic","Lapsed","Standard",29,"M",11,20.03,4.5,"Yes",4,3,4,3,3,4,4,3,5,3,3,3,4,4,4,4,4,NA,NA
70,"Atlantic","Current","Signature",36,"F",27,22.96,6.5,"Yes",3,3,3,3,2,4,4,5,4,3,5,4,4,2,2,1,1,5.8,6.3
71,"Ontario_prospect","Current","Signature",45,"M",26,20.63,6.4,"Yes",5,5,5,4,4,2,3,2,2,3,3,2,5,3,3,1,1,NA,NA
72,"Atlantic","Current","Discovery",53,"F",22,26.34,9.4,"Yes",4,3,4,3,4,4,4,3,3,4,5,4,4,2,3,1,3,NA,NA
73,"Atlantic","Lapsed","Signature",48,"M",1,19.55,6.3,"Yes",5,4,4,4,5,2,3,3,5,2,3,3,3,3,4,2,3,NA,NA
74,"Atlantic","Current","Discovery",22,"M",9,23.72,7.7,"Yes",4,2,1,3,4,4,4,3,2,5,5,4,4,1,1,3,3,7.7,9.2
75,"Atlantic","Lapsed","Discovery",39,"F",8,21.35,5.5,"Yes",3,2,2,2,3,4,2,3,4,3,4,4,4,3,2,1,2,NA,NA
76,"Atlantic","Current","Discovery",30,"M",4,25.85,6.2,"Yes",2,4,2,2,3,3,3,2,3,2,3,4,3,2,2,2,3,NA,NA
77,"Ontario_prospect","Current","Standard",47,"M",2,20.72,5.3,"No",3,4,2,2,2,2,2,1,2,2,3,2,2,1,3,2,3,NA,NA
78,"Atlantic","Current","Standard",53,"M",5,19.37,4,"Yes",1,3,1,2,3,1,1,2,1,3,3,1,2,3,2,1,2,NA,NA
79,"Atlantic","Current","Standard",31,"M",2,20.65,5.5,"No",3,4,3,2,3,2,2,2,3,1,1,2,3,2,2,2,1,NA,NA
80,"Ontario_prospect","Lapsed","Signature",59,"M",20,16.47,6.1,"No",5,5,4,4,4,3,3,2,2,1,2,2,2,3,4,4,4,NA,NA
81,"Atlantic","Current","Signature",45,"F",22,29.22,6.1,"No",2,1,2,2,1,2,4,4,2,2,2,2,2,2,2,2,3,NA,NA
82,"Atlantic","Current","Signature",42,"M",5,18.08,6.3,"Yes",3,4,2,4,3,1,1,3,2,3,2,3,3,3,4,3,2,NA,NA
83,"Atlantic","Lapsed","Standard",50,"F",14,22.33,2.1,"Yes",1,1,1,1,1,4,3,3,3,3,1,2,4,3,3,3,3,NA,NA
84,"Ontario_prospect","Current","Signature",44,"M",18,24.55,7.4,"Yes",5,4,3,4,4,3,3,2,4,5,4,5,3,3,3,1,2,NA,NA
85,"Ontario_prospect","Current","Standard",45,"M",3,17.57,4,"Yes",2,3,2,3,3,3,2,3,2,1,2,2,3,5,3,4,4,NA,NA
86,"Atlantic","Current","Signature",32,"F",8,23.37,7,"Yes",2,3,2,2,4,3,3,2,4,3,2,2,2,4,3,4,3,NA,NA
87,"Atlantic","Current","Standard",45,"F",19,20.73,5.7,"No",2,3,3,3,3,2,2,1,2,1,3,2,2,3,2,4,2,NA,NA
88,"Atlantic","Lapsed","Signature",23,"F",15,21.74,4.6,"No",3,3,4,3,3,3,3,2,3,1,2,3,2,3,3,3,2,6.2,6
89,"Atlantic","Current","Standard",35,"M",29,20.68,6.1,"Yes",3,2,4,3,2,4,3,4,5,4,3,3,2,3,4,2,3,NA,NA
90,"Ontario_prospect","Current","Standard",43,"F",14,19.56,6,"Yes",4,3,4,3,4,4,3,3,3,3,5,2,3,2,2,2,3,NA,NA
91,"Atlantic","Current","Standard",21,"M",35,23.19,4.9,"Yes",2,3,3,3,2,2,3,3,2,4,5,4,4,1,1,1,1,NA,NA
92,"Ontario_prospect","Current","Standard",33,"F",52,12.67,5.5,"No",5,5,4,5,5,1,2,2,1,2,1,2,3,3,2,3,3,NA,NA
93,"Ontario_prospect","Lapsed","Discovery",23,"M",10,24.7,5.3,"No",4,2,2,3,3,4,2,4,3,3,3,3,3,3,4,3,3,NA,NA
94,"Atlantic","Current","Standard",40,"M",18,23.84,6,"No",3,3,2,3,3,4,4,4,4,3,5,4,5,4,2,4,4,NA,NA
95,"Atlantic","Lapsed","Standard",49,"M",6,25.35,6,"No",3,2,3,4,3,3,2,4,2,3,4,4,2,3,5,4,5,NA,NA
96,"Atlantic","Current","Standard",52,"M",5,15.37,5.2,"No",3,2,4,3,4,2,2,3,4,3,3,3,2,3,3,2,1,NA,NA
97,"Atlantic","Current","Standard",23,"F",3,24.5,4.6,"No",3,3,2,3,2,3,3,3,3,3,3,3,4,4,4,3,4,NA,NA
98,"Atlantic","Current","Discovery",32,"F",14,20.06,6.5,"No",2,2,2,1,2,4,3,3,3,3,3,3,4,4,3,3,3,7.1,7.1
99,"Atlantic","Current","Standard",34,"F",9,16.46,5.2,"Yes",5,5,4,5,5,2,3,2,3,1,1,1,1,2,1,2,1,NA,NA
100,"Atlantic","Current","Signature",32,"F",7,23.65,4.6,"No",3,3,3,4,5,1,2,3,1,1,3,2,2,5,3,3,1,NA,NA
101,"Ontario_prospect","Lapsed","Signature",40,"F",26,19.56,6.7,"Yes",3,4,2,3,3,4,3,3,3,5,4,5,4,2,3,3,4,NA,NA
102,"Ontario_prospect","Current","Standard",46,"F",2,17.15,6.1,"No",2,2,3,3,2,4,4,1,2,5,5,3,3,4,5,5,5,NA,NA
103,"Atlantic","Current","Signature",24,"F",8,23.37,6.4,"Yes",4,4,5,2,3,3,3,4,4,3,1,4,2,4,3,2,4,5.8,5.3
104,"Ontario_prospect","Current","Signature",34,"F",3,22.16,5.7,"No",4,4,3,4,2,3,3,5,4,2,2,2,1,2,3,2,1,NA,NA
105,"Ontario_prospect","Current","Standard",34,"Nonbinary",38,20.96,6.2,"No",5,4,4,4,5,4,4,3,3,5,4,5,4,3,3,5,2,NA,NA
106,"Ontario_prospect","Current","Signature",21,"F",7,21.25,6,"Yes",5,5,5,4,4,3,2,3,4,4,4,4,4,4,4,4,5,4.2,4.5
107,"Atlantic","Lapsed","Standard",49,"M",23,12.66,4.9,"Yes",2,4,3,4,4,1,2,1,3,2,2,2,2,4,4,4,5,5.9,6.8
108,"Atlantic","Current","Standard",44,"F",9,19.8,5.5,"Yes",3,5,5,5,4,3,3,5,3,2,3,3,3,3,3,3,4,NA,NA
109,"Atlantic","Lapsed","Standard",38,"F",12,15.95,5.5,"Yes",3,4,2,3,5,4,4,3,4,4,2,2,3,5,5,3,5,NA,NA
110,"Atlantic","Current","Signature",23,"F",13,17.33,5.3,"Yes",4,2,5,3,3,2,3,1,2,3,4,4,2,4,4,5,4,NA,NA
111,"Atlantic","Current","Discovery",54,"F",15,25.3,6.6,"Yes",3,4,4,3,3,4,4,3,4,2,3,3,3,3,3,2,5,NA,NA
112,"Atlantic","Current","Standard",55,"M",5,26.09,6.6,"No",3,3,2,1,2,2,3,2,4,3,3,4,3,4,5,5,4,NA,NA
113,"Ontario_prospect","Current","Discovery",32,"F",48,21.48,6.6,"No",4,5,2,4,3,2,4,2,3,3,2,3,2,4,3,3,3,NA,NA
114,"Atlantic","Current","Signature",42,"Nonbinary",22,28.8,5.2,"No",2,3,2,3,1,2,4,4,5,5,5,2,3,3,4,4,4,7.7,6.2
115,"Atlantic","Current","Discovery",35,"M",24,24.52,6.5,"Yes",3,3,4,3,2,3,3,4,2,3,5,4,3,4,2,3,4,5.7,6.7
116,"Ontario_prospect","Current","Signature",21,"F",1,16.16,7.1,"No",2,1,1,1,2,2,2,3,3,2,3,1,3,2,3,3,3,6.1,6.2
117,"Atlantic","Current","Standard",42,"F",5,17.58,5.4,"No",3,3,4,5,3,2,2,2,2,5,2,4,2,3,4,3,3,NA,NA
118,"Atlantic","Current","Signature",27,"F",2,24.7,5.8,"No",3,2,2,4,3,3,4,4,5,2,3,4,3,2,3,4,3,NA,NA
119,"Atlantic","Lapsed","Standard",24,"F",2,13.2,3.9,"Yes",2,3,4,3,3,2,1,2,2,3,3,2,3,3,2,4,2,2.8,1.9
120,"Atlantic","Current","Signature",39,"F",11,20.72,4.5,"Yes",4,3,3,3,4,2,2,2,1,2,2,1,1,2,2,2,3,NA,NA
121,"Atlantic","Current","Standard",36,"F",20,19.55,5.4,"No",2,2,3,3,3,2,2,3,4,4,3,3,3,2,3,1,3,NA,NA
122,"Atlantic","Current","Standard",39,"M",85,23.61,7,"No",2,3,3,4,4,3,3,2,1,4,4,4,5,4,3,3,2,NA,NA
123,"Atlantic","Current","Standard",23,"M",20,21.05,6.5,"Yes",2,2,1,2,2,4,5,3,4,4,4,3,3,4,2,3,3,NA,NA
124,"Atlantic","Current","Standard",30,"F",46,23.67,6.5,"Yes",5,4,4,5,5,5,4,4,4,3,3,3,2,5,5,4,4,NA,NA
125,"Atlantic","Current","Signature",28,"M",29,26.35,3.5,"Yes",3,2,4,3,4,1,3,1,2,2,2,2,3,2,3,3,4,5.4,4.8
126,"Ontario_prospect","Current","Discovery",36,"F",26,20.95,6.3,"Yes",4,4,3,4,4,5,4,4,3,3,2,1,2,1,2,2,2,NA,NA
127,"Ontario_prospect","Current","Standard",37,"F",9,23.17,5.8,"Yes",1,2,3,3,3,2,2,3,3,2,2,2,3,3,3,3,4,NA,NA
128,"Ontario_prospect","Lapsed","Discovery",44,"M",56,16.15,6.5,"Yes",4,4,3,3,4,4,4,1,2,3,1,1,3,2,2,1,1,NA,NA
129,"Atlantic","Current","Standard",48,"M",3,24.28,6.9,"Yes",5,5,4,5,5,4,1,4,3,4,4,4,4,4,3,2,3,NA,NA
130,"Ontario_prospect","Lapsed","Signature",33,"F",16,17.26,5.2,"No",3,3,3,4,3,3,2,3,4,2,1,1,2,3,3,1,2,NA,NA
131,"Atlantic","Current","Standard",46,"F",63,23.1,5.7,"No",2,3,1,3,2,3,3,4,3,2,2,2,2,3,2,3,3,NA,NA
132,"Atlantic","Current","Standard",47,"F",49,21.98,7,"No",3,4,4,4,5,4,3,3,4,2,3,2,3,3,2,3,2,NA,NA
133,"Ontario_prospect","Current","Standard",52,"M",28,18.12,7.1,"No",4,4,3,2,4,3,2,4,2,3,3,4,3,4,2,3,4,NA,NA
134,"Ontario_prospect","Current","Signature",29,"F",4,20.68,5.4,"Yes",2,3,3,2,2,3,3,2,3,2,2,4,1,3,4,3,4,NA,NA
135,"Atlantic","Current","Standard",25,"F",2,20.48,5.8,"Yes",4,5,5,5,5,3,2,3,4,2,2,3,2,3,4,3,3,NA,NA
136,"Atlantic","Lapsed","Standard",46,"M",33,18.36,5.3,"No",4,4,4,4,3,4,4,4,3,2,2,3,1,3,2,3,2,6.4,7.9
137,"Atlantic","Current","Discovery",41,"M",2,24.48,5.4,"Yes",3,4,3,4,3,2,2,3,2,3,2,3,4,3,3,3,2,5.1,5.5
138,"Atlantic","Current","Signature",42,"F",2,25.43,6.1,"No",4,4,4,4,4,4,3,3,4,2,3,3,2,3,1,2,3,NA,NA
139,"Ontario_prospect","Current","Standard",35,"F",9,17.5,6.1,"Yes",3,3,2,4,2,2,3,3,3,2,1,1,2,4,5,2,4,3.8,4.6
140,"Ontario_prospect","Current","Standard",75,"M",6,18.79,6.5,"Yes",4,4,4,3,2,4,1,3,3,4,5,4,3,5,3,4,3,NA,NA
141,"Ontario_prospect","Current","Standard",21,"M",2,19.35,6.5,"No",3,2,2,3,4,3,3,2,2,4,3,3,2,4,3,1,4,NA,NA
142,"Atlantic","Current","Signature",34,"F",14,23.93,7.5,"Yes",4,5,3,4,5,2,3,4,3,3,4,2,3,3,3,4,2,NA,NA
143,"Ontario_prospect","Current","Standard",31,"F",2,23.56,5.6,"No",3,2,2,2,5,2,2,2,2,2,3,3,2,5,5,4,4,NA,NA
144,"Atlantic","Current","Signature",53,"M",6,21.32,6.9,"No",2,3,2,4,1,3,4,3,4,5,3,4,4,4,4,4,5,NA,NA
145,"Atlantic","Current","Standard",39,"F",89,24.89,7.8,"Yes",5,3,4,5,4,4,4,4,5,4,5,5,5,4,3,3,4,5.3,6
146,"Atlantic","Lapsed","Standard",24,"F",1,18.23,4.1,"No",2,3,3,3,3,4,4,3,4,2,2,2,2,4,5,3,4,5.7,6.8
147,"Atlantic","Current","Discovery",34,"M",1,19.27,6,"Yes",4,3,4,4,4,3,4,2,5,3,3,2,4,3,4,3,2,7.8,6.9
148,"Atlantic","Current","Signature",37,"M",74,26.55,6.6,"No",3,2,2,3,4,3,2,3,2,4,4,4,5,4,4,3,3,NA,NA
149,"Atlantic","Current","Standard",48,"F",4,21.87,7.4,"No",4,4,4,3,3,3,4,2,3,4,3,4,3,5,4,2,4,NA,NA
150,"Atlantic","Current","Standard",36,"F",6,23.95,4.6,"Yes",2,5,5,5,5,2,4,2,3,2,3,2,2,2,4,2,3,NA,NA
151,"Atlantic","Current","Standard",24,"F",46,19.09,8.1,"Yes",4,4,5,3,5,4,4,3,5,3,3,3,4,4,4,4,2,NA,NA
152,"Ontario_prospect","Current","Standard",36,"M",47,21.75,4.6,"No",3,4,4,4,4,1,3,2,3,4,4,3,3,3,1,2,3,6.1,6.1
153,"Atlantic","Current","Signature",36,"F",8,18.25,3.6,"No",2,2,3,2,1,4,3,3,3,2,3,4,2,4,3,3,2,6.6,5.3
154,"Atlantic","Current","Signature",42,"M",10,20.86,7.2,"No",5,4,3,4,5,5,3,5,4,4,3,4,4,1,2,3,3,NA,NA
155,"Ontario_prospect","Current","Standard",21,"F",38,23.74,6.9,"No",2,2,2,2,3,4,3,5,4,3,4,4,3,4,4,3,3,NA,NA
156,"Atlantic","Current","Discovery",33,"M",1,21.95,5.1,"No",4,3,4,3,1,2,1,2,2,1,2,2,3,3,3,2,5,NA,NA
157,"Ontario_prospect","Current","Discovery",35,"M",23,23.04,5.3,"No",2,3,3,3,3,5,4,5,4,5,3,2,2,4,5,3,3,NA,NA
158,"Ontario_prospect","Current","Standard",47,"M",14,16.76,6.1,"No",2,2,2,3,1,4,4,3,3,3,4,3,4,4,2,2,3,NA,NA
159,"Atlantic","Lapsed","Standard",47,"F",1,23.82,4.3,"Yes",3,2,3,2,1,1,3,2,2,3,4,3,2,3,2,4,4,NA,NA
160,"Atlantic","Current","Discovery",28,"M",3,24.57,6.2,"Yes",4,3,3,4,3,3,1,3,3,4,4,4,3,2,1,3,3,NA,NA
161,"Atlantic","Current","Signature",52,"M",4,22.39,4.9,"Yes",3,3,1,1,2,4,3,3,3,1,4,3,4,4,3,5,2,NA,NA
162,"Ontario_prospect","Lapsed","Discovery",45,"F",5,18.39,4.8,"Yes",2,2,2,1,2,3,3,3,3,3,2,1,2,4,4,4,3,5.9,5.7
163,"Atlantic","Current","Standard",28,"F",11,23.74,4.6,"No",3,3,4,1,2,1,1,2,3,3,3,4,4,2,3,2,2,NA,NA
164,"Atlantic","Current","Standard",32,"F",48,21.72,6.7,"No",5,4,4,4,4,3,4,2,3,4,1,4,2,3,3,2,4,5.3,6.9
165,"Atlantic","Current","Standard",54,"M",8,20.67,7,"Yes",2,2,2,3,3,2,5,3,2,2,3,3,3,3,3,3,2,NA,NA
166,"Atlantic","Current","Signature",38,"F",4,23.4,5.8,"Yes",4,4,4,4,5,2,3,3,1,4,5,4,5,3,3,2,3,NA,NA
167,"Atlantic","Current","Standard",47,"F",10,23.29,6.1,"No",2,2,1,2,2,3,3,2,5,3,4,3,3,5,3,4,3,NA,NA
168,"Atlantic","Current","Discovery",21,"F",7,18.98,5.3,"No",2,2,2,1,3,2,2,4,4,3,4,2,4,3,3,1,4,NA,NA
169,"Ontario_prospect","Current","Standard",46,"M",2,17.75,5.2,"No",2,3,3,3,3,2,2,3,2,4,2,5,3,3,4,4,4,NA,NA
170,"Ontario_prospect","Lapsed","Standard",52,"F",1,21.18,3.9,"Yes",2,1,2,1,2,3,4,2,3,4,4,4,3,3,3,2,1,NA,NA
171,"Atlantic","Current","Standard",24,"M",5,21.65,2.7,"No",2,3,4,3,4,2,1,3,1,2,4,5,3,1,2,3,3,NA,NA
172,"Atlantic","Current","Signature",55,"F",56,19.38,5.4,"No",5,4,5,3,3,4,3,4,5,1,1,2,2,2,4,3,1,5.4,5.1
173,"Atlantic","Lapsed","Standard",41,"M",2,11.45,5.5,"Yes",5,4,5,5,5,2,3,3,3,4,5,3,3,3,3,3,4,NA,NA
174,"Atlantic","Current","Discovery",22,"M",24,22.41,6.6,"No",3,4,3,3,2,1,4,1,2,2,3,1,4,3,4,2,2,NA,NA
175,"Atlantic","Lapsed","Standard",44,"M",3,22.16,3.1,"No",2,4,1,1,2,2,2,4,3,2,3,3,4,2,1,2,2,6.7,8.3
176,"Ontario_prospect","Current","Standard",38,"F",70,14.62,5.7,"No",3,4,5,2,4,3,2,3,4,3,2,3,3,3,2,1,3,NA,NA
177,"Atlantic","Lapsed","Standard",51,"F",1,23.88,6.8,"Yes",4,4,4,4,4,4,5,5,4,3,2,2,1,4,4,2,3,NA,NA
178,"Atlantic","Current","Standard",47,"M",17,22.41,4.4,"Yes",2,3,3,3,4,3,3,2,3,3,2,3,4,2,3,3,5,NA,NA
179,"Atlantic","Lapsed","Signature",34,"M",77,25.14,5.2,"No",1,2,3,2,3,4,3,3,4,3,4,3,3,4,4,3,3,NA,NA
180,"Atlantic","Current","Standard",36,"F",23,22.46,5.1,"No",3,1,1,2,1,3,2,4,3,4,4,5,4,3,2,2,5,6,5.5
181,"Ontario_prospect","Lapsed","Signature",37,"F",1,16.22,5,"Yes",5,5,5,4,5,2,2,2,3,3,2,4,3,3,2,2,2,NA,NA
182,"Ontario_prospect","Current","Discovery",30,"M",26,19.52,8,"Yes",3,5,4,3,5,4,3,4,3,4,4,3,3,3,3,2,5,NA,NA
183,"Ontario_prospect","Current","Signature",44,"F",4,24.53,6.8,"No",5,4,4,5,4,3,3,4,4,1,1,1,1,2,3,2,3,NA,NA
184,"Atlantic","Current","Discovery",27,"M",4,31.92,6.7,"No",4,3,2,3,3,2,3,4,3,3,2,4,1,4,3,3,3,NA,NA
185,"Atlantic","Current","Discovery",21,"F",1,26.28,6.7,"No",4,4,4,3,5,3,2,1,2,4,2,5,4,4,2,2,3,NA,NA
186,"Ontario_prospect","Lapsed","Standard",38,"M",1,16.27,3.3,"Yes",2,2,3,3,2,5,3,3,4,3,5,4,5,2,3,3,3,NA,NA
187,"Atlantic","Current","Standard",37,"M",6,22.3,3.8,"Yes",3,3,2,2,2,2,3,3,2,2,3,2,3,2,3,4,5,NA,NA
188,"Atlantic","Current","Signature",38,"F",38,20.68,8.7,"No",4,5,5,5,4,2,2,2,2,4,4,3,2,1,3,1,3,4.3,3.7
189,"Atlantic","Lapsed","Standard",35,"F",17,17.61,6.6,"Yes",3,2,3,4,3,5,4,5,5,1,3,5,3,4,4,3,4,NA,NA
190,"Ontario_prospect","Current","Standard",31,"M",1,20.24,6.4,"No",5,5,3,4,5,4,5,4,5,5,5,4,4,3,4,2,3,NA,NA
191,"Atlantic","Current","Signature",30,"M",20,19.63,5.6,"Yes",2,3,4,4,5,4,4,4,3,2,3,2,3,2,3,3,4,NA,NA
192,"Atlantic","Current","Signature",48,"M",10,21.75,6.3,"No",3,3,2,2,2,3,4,3,4,4,3,4,3,3,4,2,3,NA,NA
193,"Atlantic","Current","Standard",31,"F",31,21.43,5.3,"Yes",5,5,5,5,5,3,3,2,1,3,3,3,3,3,2,3,3,NA,NA
194,"Ontario_prospect","Lapsed","Signature",32,"M",5,23.74,4.7,"No",2,3,4,3,4,3,3,3,5,5,5,4,5,2,1,2,3,5.9,5.9
195,"Atlantic","Current","Discovery",39,"M",6,35.69,5.4,"No",2,3,2,2,3,4,3,5,4,3,5,2,3,3,3,2,2,NA,NA
196,"Atlantic","Current","Signature",48,"M",2,23.24,7.9,"Yes",4,3,4,4,2,3,3,5,3,2,3,4,2,4,4,4,4,NA,NA
197,"Ontario_prospect","Current","Standard",40,"F",30,20.06,6.2,"No",2,4,2,4,4,4,3,4,4,3,3,3,3,5,4,5,4,NA,NA
198,"Ontario_prospect","Current","Standard",47,"F",38,16.52,7.2,"Yes",4,3,4,4,5,4,2,2,3,2,3,4,3,2,2,1,1,4.7,4.1
199,"Atlantic","Current","Signature",50,"M",30,20.66,5.4,"No",2,3,4,4,4,1,1,2,2,3,4,3,4,2,2,2,3,NA,NA
200,"Atlantic","Current","Standard",35,"M",21,19.87,6.3,"Yes",1,2,1,2,3,5,4,3,3,4,2,3,4,4,3,4,4,3.4,2.8
201,"Atlantic","Current","Standard",44,"F",2,19.93,5.3,"No",3,3,3,2,3,2,1,1,2,5,5,3,4,4,4,4,4,NA,NA
202,"Atlantic","Current","Signature",36,"M",8,26.24,5.9,"Yes",4,3,3,3,4,4,4,3,5,5,3,5,4,3,2,3,1,NA,NA
203,"Atlantic","Current","Standard",32,"M",33,20.38,5.6,"Yes",5,5,3,3,5,4,3,3,3,4,3,3,3,5,5,5,5,7.9,7.6
204,"Atlantic","Current","Standard",34,"F",4,27.8,5.2,"No",1,1,1,3,1,2,4,1,3,2,4,2,2,2,2,1,2,NA,NA
205,"Atlantic","Current","Discovery",29,"M",30,19.08,6.7,"No",2,2,2,2,2,5,5,5,5,3,2,3,2,3,3,2,2,7.3,7.6
206,"Atlantic","Current","Signature",51,"M",4,16.55,5.5,"Yes",2,2,2,4,2,4,4,4,4,4,3,4,4,2,3,2,2,NA,NA
207,"Ontario_prospect","Current","Standard",31,"F",63,16.74,6.5,"No",3,3,4,3,3,3,3,4,4,4,5,5,4,4,4,4,4,NA,NA
208,"Atlantic","Current","Standard",29,"M",25,25.51,7.1,"No",2,3,1,2,3,2,3,2,2,3,1,2,3,4,4,4,5,7.1,7
209,"Atlantic","Current","Standard",43,"F",13,16.03,7,"No",4,4,3,3,2,2,3,3,3,3,4,5,3,3,2,2,2,6.2,7.7
210,"Atlantic","Current","Standard",49,"F",11,22.25,6.1,"No",2,4,3,4,2,2,2,3,3,3,3,3,4,4,3,5,5,5.4,4.7
211,"Atlantic","Current","Standard",39,"F",61,23.92,6.5,"No",4,3,4,4,5,3,3,3,2,1,2,2,3,2,3,3,3,NA,NA
212,"Atlantic","Current","Standard",52,"M",10,17.36,6.2,"No",2,2,1,4,1,2,1,2,3,5,3,5,2,2,3,4,3,5.3,5.3
213,"Ontario_prospect","Current","Standard",30,"F",48,21.96,4.1,"No",2,3,4,3,2,4,3,3,4,4,4,3,4,3,3,4,3,NA,NA
214,"Atlantic","Lapsed","Standard",38,"M",16,18.67,5.1,"No",3,3,4,4,4,4,3,5,3,4,5,5,5,3,4,4,3,NA,NA
215,"Atlantic","Lapsed","Signature",31,"F",16,24.3,4.6,"No",1,1,2,1,1,1,1,2,2,2,1,2,2,4,2,3,3,NA,NA
216,"Atlantic","Lapsed","Discovery",39,"F",4,22.5,5.7,"Yes",4,4,4,3,3,4,3,2,3,3,3,4,4,3,4,4,3,NA,NA
217,"Atlantic","Current","Standard",62,"F",22,22.08,5.5,"Yes",3,3,4,4,4,3,2,3,2,4,2,3,4,4,3,5,2,6,7.2
218,"Atlantic","Current","Standard",38,"F",5,24.68,4.8,"Yes",4,3,4,3,3,3,1,3,1,4,2,3,5,5,5,5,4,NA,NA
219,"Ontario_prospect","Current","Standard",37,"F",12,22.81,6.6,"No",1,2,1,1,1,5,3,4,4,4,3,2,5,3,4,5,4,NA,NA
220,"Atlantic","Current","Standard",32,"M",13,21.76,6,"Yes",2,2,1,3,4,1,2,3,3,4,3,5,3,3,3,2,3,NA,NA
221,"Atlantic","Current","Signature",33,"F",3,31.79,7.2,"Yes",3,1,3,3,3,2,2,2,3,4,4,4,5,2,4,4,4,5,6.5
222,"Ontario_prospect","Current","Signature",41,"M",20,19.02,6.3,"No",2,2,3,2,3,4,4,3,3,2,3,4,2,4,2,5,3,NA,NA
223,"Atlantic","Lapsed","Standard",32,"M",2,26.6,5.1,"Yes",3,4,3,3,5,4,5,5,4,3,2,3,4,4,4,3,2,NA,NA
224,"Ontario_prospect","Current","Signature",34,"M",2,20.44,7.4,"Yes",4,2,4,3,3,4,3,5,2,3,3,3,4,5,4,4,3,NA,NA
225,"Atlantic","Current","Standard",30,"M",26,22.29,6.7,"Yes",3,4,2,2,3,4,4,2,4,4,5,4,4,4,2,3,3,NA,NA
226,"Atlantic","Current","Standard",29,"F",7,20.45,5.2,"Yes",2,4,4,3,3,3,3,3,4,2,3,5,5,3,3,3,2,NA,NA
227,"Ontario_prospect","Current","Standard",52,"M",29,15.11,6.5,"No",3,3,3,4,4,2,3,2,1,4,4,4,4,4,4,4,3,NA,NA
228,"Ontario_prospect","Current","Standard",48,"F",10,10.07,5.4,"No",1,1,1,2,2,3,3,4,3,2,1,2,4,4,2,2,3,NA,NA
229,"Atlantic","Current","Standard",28,"M",21,23.79,5.9,"No",3,1,2,2,2,4,4,4,2,3,3,4,3,3,3,2,3,NA,NA
230,"Atlantic","Current","Signature",54,"F",1,20.79,4.5,"No",1,2,1,1,1,3,3,1,2,3,4,3,4,1,2,1,3,NA,NA
231,"Ontario_prospect","Lapsed","Discovery",21,"F",4,22.01,3.2,"No",3,3,2,4,3,1,1,1,1,4,2,3,2,1,3,1,3,7.6,8
232,"Ontario_prospect","Lapsed","Discovery",45,"M",4,21.66,6,"No",2,2,3,3,2,3,3,2,3,3,1,3,4,3,2,3,3,NA,NA
233,"Atlantic","Current","Standard",42,"F",22,27.64,4.9,"No",2,2,1,2,2,1,3,2,3,5,3,4,3,4,3,3,3,NA,NA
234,"Atlantic","Current","Discovery",57,"F",21,26.65,6,"Yes",2,1,2,1,1,3,2,2,2,4,3,4,2,2,3,3,2,NA,NA
235,"Ontario_prospect","Lapsed","Discovery",57,"Nonbinary",20,18.18,5.6,"No",5,4,4,4,5,4,1,2,2,4,3,3,4,2,2,1,3,NA,NA
236,"Atlantic","Current","Standard",51,"M",6,24.5,6.4,"Yes",5,3,3,4,5,4,3,3,2,2,2,4,4,1,1,1,2,NA,NA
237,"Ontario_prospect","Current","Discovery",30,"F",32,25.38,6.6,"No",2,2,4,3,3,3,4,4,3,5,5,4,3,2,2,2,1,NA,NA
238,"Ontario_prospect","Current","Standard",40,"F",53,18.29,5.4,"No",4,5,5,5,2,4,2,4,3,4,2,4,4,4,4,4,4,NA,NA
239,"Atlantic","Current","Standard",27,"M",3,20.11,5.7,"No",3,4,3,5,4,5,4,5,5,4,4,3,2,4,4,4,4,NA,NA
240,"Atlantic","Current","Standard",44,"F",14,23.85,4.9,"Yes",4,3,5,3,5,3,3,3,3,4,2,4,4,3,3,3,2,6.4,7.8
241,"Atlantic","Current","Standard",37,"F",1,22.82,6.2,"Yes",2,4,3,5,4,4,4,5,3,3,3,4,4,3,3,3,4,NA,NA
242,"Atlantic","Lapsed","Standard",51,"F",8,17.85,3.2,"No",2,1,1,1,2,1,1,2,3,2,1,4,3,2,3,3,2,5,3.8
243,"Atlantic","Current","Standard",38,"F",12,21.45,4.5,"Yes",3,4,5,3,2,4,3,4,4,3,4,4,3,4,4,4,4,NA,NA
244,"Atlantic","Current","Signature",34,"F",13,26.71,5.3,"No",4,4,3,4,4,3,2,3,3,2,1,3,3,2,1,3,2,NA,NA
245,"Atlantic","Lapsed","Standard",24,"F",2,21.59,5.1,"No",3,4,3,3,4,4,4,3,4,4,4,4,3,4,2,3,4,NA,NA
246,"Ontario_prospect","Current","Standard",22,"M",11,16.02,6.1,"No",4,4,3,3,5,2,5,1,3,5,4,3,4,1,2,2,1,NA,NA
247,"Atlantic","Current","Standard",30,"F",5,22.07,5.2,"No",2,3,3,3,1,4,3,4,3,3,3,2,2,4,3,3,3,NA,NA
248,"Atlantic","Current","Standard",44,"F",15,17.64,5.4,"No",3,4,3,4,3,4,4,5,4,3,3,3,4,3,3,4,1,7.5,7.7
249,"Atlantic","Current","Standard",49,"F",17,24.78,5.2,"No",3,3,3,2,2,4,4,4,3,3,3,3,3,2,2,1,2,NA,NA
250,"Ontario_prospect","Current","Signature",21,"Nonbinary",19,19.49,8.7,"No",3,4,3,4,2,5,5,4,3,5,4,3,4,3,2,3,4,NA,NA
251,"Atlantic","Current","Standard",49,"F",7,25.12,5,"No",4,4,4,3,3,1,3,1,2,1,2,1,1,2,2,3,4,NA,NA
252,"Ontario_prospect","Current","Signature",45,"F",3,23.22,5.6,"No",4,3,3,4,2,4,2,4,3,2,2,2,1,3,2,4,2,NA,NA
253,"Atlantic","Current","Standard",47,"M",24,22.34,6.6,"Yes",1,4,1,1,2,5,5,5,5,4,3,3,3,3,3,5,3,NA,NA
254,"Ontario_prospect","Current","Signature",57,"F",68,16.66,6.3,"No",3,3,1,3,4,4,3,4,4,2,4,4,2,3,4,3,3,NA,NA
255,"Atlantic","Current","Signature",28,"M",40,24.82,6.8,"No",2,4,4,3,3,2,2,2,2,2,1,1,2,3,3,3,4,NA,NA
256,"Ontario_prospect","Current","Signature",41,"F",3,20.16,4.5,"Yes",3,3,3,2,4,3,2,3,3,5,5,5,4,3,4,4,4,7.3,8.5
257,"Ontario_prospect","Lapsed","Standard",35,"F",3,13.97,4.1,"No",2,2,2,2,3,3,2,2,3,5,4,3,4,1,2,2,3,NA,NA
258,"Atlantic","Current","Signature",37,"F",6,29.02,5.2,"No",2,2,3,4,2,2,3,3,4,3,2,2,3,4,3,4,3,NA,NA
259,"Atlantic","Lapsed","Signature",41,"M",8,26.02,2.7,"Yes",1,2,3,2,2,3,4,3,3,1,2,2,3,3,2,5,4,NA,NA
260,"Atlantic","Current","Standard",45,"M",40,21.28,6.5,"No",5,4,4,4,5,3,2,3,2,3,3,3,2,1,1,3,2,NA,NA
261,"Atlantic","Current","Standard",32,"F",1,19.53,6.5,"No",3,2,2,2,3,3,3,3,2,2,2,2,3,4,4,4,2,NA,NA
262,"Atlantic","Current","Standard",34,"F",3,21.22,7.6,"No",2,3,3,3,2,3,2,3,3,3,3,3,3,2,2,3,2,NA,NA
263,"Atlantic","Lapsed","Standard",55,"M",13,20.01,5.3,"No",4,4,3,5,4,2,3,3,2,4,4,4,5,5,5,5,5,NA,NA
264,"Atlantic","Lapsed","Signature",32,"F",18,16.63,4.9,"Yes",1,2,3,3,2,3,4,4,3,4,3,3,5,4,4,3,5,NA,NA
265,"Ontario_prospect","Current","Standard",49,"F",25,19.69,6.4,"Yes",3,3,3,2,1,2,3,4,4,2,2,4,3,5,5,5,5,NA,NA
266,"Atlantic","Current","Signature",29,"M",9,18.69,5.7,"Yes",1,1,1,1,1,4,4,3,4,2,4,3,3,2,1,2,2,NA,NA
267,"Ontario_prospect","Current","Discovery",32,"M",73,17.68,6.6,"Yes",1,2,3,1,2,3,5,3,2,2,3,4,5,4,3,3,1,NA,NA
268,"Atlantic","Current","Discovery",53,"F",1,26.89,8,"Yes",2,2,3,2,2,4,5,3,4,1,1,3,2,1,1,2,3,NA,NA
269,"Ontario_prospect","Lapsed","Signature",48,"M",3,17.37,2.8,"No",4,3,3,3,3,1,4,3,1,3,2,1,3,5,5,5,5,NA,NA
270,"Atlantic","Lapsed","Standard",37,"F",1,20.47,5.8,"No",5,4,3,4,3,3,2,4,2,2,2,3,3,3,3,3,2,6.5,6.3
271,"Atlantic","Lapsed","Discovery",36,"M",2,20.97,5.5,"No",2,3,1,3,1,3,4,3,4,5,5,4,5,3,3,4,4,NA,NA
272,"Ontario_prospect","Current","Standard",38,"F",2,19.96,4.9,"No",3,2,4,4,3,4,2,2,2,5,4,2,2,3,4,4,3,NA,NA
273,"Atlantic","Current","Standard",33,"M",5,20.62,6.8,"Yes",1,2,3,2,3,5,5,3,4,1,2,3,1,3,2,3,3,NA,NA
274,"Atlantic","Current","Signature",34,"M",14,23.45,3.4,"Yes",2,3,3,2,3,2,3,2,3,3,2,3,4,2,1,2,1,NA,NA
275,"Atlantic","Current","Signature",25,"M",7,21.1,7.4,"Yes",5,5,5,5,5,3,3,3,4,3,3,3,1,3,2,3,3,4.3,4.8
276,"Atlantic","Current","Signature",46,"M",85,25.78,5.5,"Yes",1,3,4,1,3,1,1,2,2,2,2,2,2,3,5,4,4,NA,NA
277,"Ontario_prospect","Current","Signature",26,"F",9,17.7,7.4,"No",1,3,3,3,1,3,4,2,3,3,4,3,4,2,4,3,2,NA,NA
278,"Atlantic","Current","Discovery",56,"F",2,27.56,6.9,"No",3,3,3,2,3,3,3,2,4,4,3,3,2,2,3,3,4,7.7,9.3
279,"Ontario_prospect","Current","Discovery",37,"F",6,22.12,6.7,"No",4,4,4,2,3,4,5,3,3,4,4,5,5,5,2,1,3,NA,NA
280,"Atlantic","Lapsed","Standard",56,"M",11,19.55,5.8,"Yes",2,3,2,3,3,3,4,3,2,4,4,3,4,2,1,2,2,NA,NA
281,"Atlantic","Current","Signature",32,"M",9,24.55,6.1,"No",3,3,2,2,3,3,2,3,3,3,3,2,3,1,2,3,1,5.4,7.5
282,"Ontario_prospect","Current","Standard",35,"M",23,28.46,6.3,"No",3,2,2,4,4,4,4,4,3,3,3,3,2,5,5,5,5,NA,NA
283,"Atlantic","Current","Signature",30,"F",23,22.36,6.5,"No",4,4,3,2,3,2,2,3,2,3,4,1,4,4,5,5,4,6.4,6.6
284,"Atlantic","Current","Standard",46,"M",25,22.37,6.5,"Yes",5,5,5,4,4,2,3,3,2,2,1,2,3,2,4,3,3,3.3,3.4
285,"Atlantic","Lapsed","Standard",65,"M",3,21.16,4.2,"Yes",3,3,3,4,2,3,5,4,4,4,2,4,2,2,2,2,1,NA,NA
286,"Atlantic","Current","Standard",35,"M",8,21.83,4.9,"Yes",3,3,4,4,3,1,3,2,3,2,2,3,2,3,3,3,3,NA,NA
287,"Atlantic","Current","Standard",38,"F",35,23.95,5.7,"Yes",4,4,4,5,4,3,2,2,4,2,4,2,1,5,3,4,4,NA,NA
288,"Ontario_prospect","Current","Standard",39,"F",35,20.24,5.9,"No",2,2,3,2,2,2,2,2,3,2,4,2,3,4,4,3,3,NA,NA
289,"Ontario_prospect","Lapsed","Discovery",41,"F",14,18.48,5.8,"No",4,4,5,3,4,1,3,3,3,4,5,4,5,3,3,4,3,NA,NA
290,"Ontario_prospect","Lapsed","Standard",53,"M",1,23.35,4.3,"Yes",3,3,5,3,4,1,2,3,2,3,5,4,3,1,3,3,2,5.9,5.9
291,"Atlantic","Current","Standard",52,"M",5,21.3,6.4,"No",4,2,4,3,2,3,4,3,3,3,3,4,4,5,5,5,4,6.5,6.2
292,"Ontario_prospect","Current","Standard",34,"Nonbinary",29,15.33,6,"Yes",4,3,2,3,5,5,4,5,5,4,4,4,4,4,5,5,3,NA,NA
293,"Atlantic","Lapsed","Discovery",30,"F",4,23.04,6.3,"No",5,4,4,3,5,4,4,4,3,4,4,4,2,4,5,3,3,NA,NA
294,"Ontario_prospect","Current","Standard",45,"M",90,18.03,7.1,"No",3,4,2,5,3,2,3,3,3,4,4,4,2,4,4,4,4,NA,NA
295,"Atlantic","Current","Discovery",49,"F",7,20.21,5.6,"No",1,1,1,1,1,3,4,2,4,3,3,4,3,4,3,5,4,NA,NA
296,"Atlantic","Current","Discovery",37,"F",10,23.63,4.3,"Yes",1,2,2,2,2,2,2,4,5,3,3,2,4,5,4,4,5,NA,NA
297,"Ontario_prospect","Current","Standard",21,"M",1,16.99,6.2,"No",5,5,5,5,4,4,4,3,5,3,3,3,2,2,3,3,2,NA,NA
298,"Ontario_prospect","Current","Standard",36,"M",11,21.74,5.2,"Yes",3,3,2,3,2,3,3,2,3,1,3,3,2,4,3,4,3,NA,NA
299,"Atlantic","Current","Signature",29,"F",32,24.83,7.8,"No",3,5,5,5,3,4,4,3,2,3,4,4,5,2,2,2,2,NA,NA
300,"Atlantic","Current","Discovery",47,"F",2,25.26,6.5,"Yes",3,3,3,2,3,5,4,3,3,3,4,4,2,3,3,5,3,6.1,5.1
301,"Ontario_prospect","Current","Standard",33,"F",2,29.06,7.7,"No",3,4,3,4,4,4,3,3,3,4,5,5,5,3,4,3,3,6.9,11.5
302,"Ontario_prospect","Current","Discovery",51,"F",1,25.25,6,"No",1,2,3,2,2,4,2,3,3,4,3,5,3,4,3,3,3,NA,NA
303,"Atlantic","Current","Standard",34,"M",64,22.12,4.7,"No",3,2,3,5,2,4,3,5,2,2,4,3,5,2,3,3,2,NA,NA
304,"Atlantic","Current","Signature",39,"M",11,17.95,5.8,"No",2,3,3,3,2,2,1,3,3,3,4,4,3,3,2,3,2,NA,NA
305,"Atlantic","Current","Signature",41,"M",48,28.49,6.7,"Yes",3,1,4,3,4,3,3,3,2,3,4,2,3,1,3,2,2,NA,NA
306,"Atlantic","Current","Signature",41,"M",67,23.98,6.7,"No",4,4,4,3,3,3,2,3,4,2,3,2,2,4,4,5,5,NA,NA
307,"Atlantic","Current","Standard",56,"M",25,19.54,5.3,"Yes",1,1,1,1,3,4,2,4,5,2,3,2,1,2,2,1,3,NA,NA
308,"Atlantic","Current","Signature",38,"Nonbinary",6,22.82,5.4,"No",3,3,3,4,3,2,3,2,4,4,4,3,3,3,3,3,4,NA,NA
309,"Ontario_prospect","Current","Standard",31,"F",25,19.5,5.3,"Yes",2,3,2,1,2,2,3,4,3,4,3,3,4,3,4,4,3,NA,NA
310,"Atlantic","Current","Standard",46,"F",2,21.37,7.2,"Yes",2,3,2,3,2,5,5,5,4,5,5,5,5,3,3,4,3,6.4,6
311,"Ontario_prospect","Current","Signature",28,"M",4,15.18,6.5,"Yes",4,2,4,4,4,4,2,3,2,3,2,4,4,4,5,4,4,6.6,6.5
312,"Atlantic","Current","Signature",39,"F",12,26.76,5.6,"No",4,4,4,5,5,3,2,3,4,2,2,3,3,2,3,2,2,NA,NA
313,"Atlantic","Current","Standard",49,"F",10,22.82,5.3,"No",4,4,4,5,4,1,1,2,1,3,2,3,3,3,3,2,2,NA,NA
314,"Ontario_prospect","Current","Signature",43,"M",4,20.95,6.4,"No",3,3,4,4,4,3,4,2,3,5,4,5,5,4,3,4,5,5.7,6.6
315,"Atlantic","Current","Discovery",34,"M",85,23.66,6.6,"No",4,3,3,3,4,4,3,3,2,2,3,2,3,1,2,1,1,NA,NA
316,"Ontario_prospect","Current","Standard",30,"F",31,16.77,6.8,"Yes",4,5,4,5,5,3,4,2,5,3,3,3,2,4,5,3,4,4.3,4
317,"Ontario_prospect","Current","Standard",35,"F",12,20.81,5.9,"Yes",1,1,1,1,2,4,3,4,4,3,3,4,3,3,5,4,5,NA,NA
318,"Atlantic","Current","Signature",28,"M",52,25.83,6.6,"No",5,5,5,5,4,2,3,4,4,4,4,5,4,3,2,2,3,NA,NA
319,"Atlantic","Current","Discovery",26,"F",8,24.74,6.5,"Yes",4,4,4,4,3,2,2,1,2,2,2,3,1,3,3,4,5,NA,NA
320,"Ontario_prospect","Current","Signature",61,"F",42,20.41,5.8,"No",1,3,3,2,2,3,4,4,5,4,5,3,3,3,3,3,4,5.1,4.8
321,"Atlantic","Current","Standard",47,"M",50,19.1,6.7,"No",4,4,1,4,3,2,2,1,1,2,2,2,4,2,3,2,3,NA,NA
322,"Atlantic","Current","Standard",40,"M",7,21.72,5.7,"Yes",2,2,4,3,3,3,4,2,3,4,2,4,3,3,3,3,3,NA,NA
323,"Ontario_prospect","Current","Signature",42,"F",18,21.53,6.7,"No",4,4,5,4,3,2,3,3,2,2,2,4,4,2,1,3,2,7.2,7.5
324,"Atlantic","Current","Discovery",27,"F",14,20.64,6.2,"No",5,3,4,3,4,3,3,4,3,4,3,4,4,3,3,2,3,5.6,7.3
325,"Ontario_prospect","Current","Standard",29,"F",39,19.11,7.3,"No",4,4,3,2,4,1,1,1,2,5,5,5,5,2,1,1,2,NA,NA
326,"Atlantic","Current","Signature",36,"F",2,21.97,6.7,"No",4,4,3,5,3,3,2,2,2,3,2,1,3,1,2,2,3,5.8,7
327,"Atlantic","Current","Signature",45,"M",51,25.34,4.9,"Yes",5,4,5,4,3,5,3,4,5,3,3,2,2,2,1,1,3,NA,NA
328,"Atlantic","Lapsed","Signature",34,"M",1,24.55,5.5,"Yes",5,5,5,5,5,2,2,3,2,3,4,5,4,4,3,4,2,5.1,4.8
329,"Atlantic","Current","Standard",58,"M",63,19.98,6.1,"Yes",1,2,2,4,2,3,4,4,4,3,3,3,4,2,3,2,2,NA,NA
330,"Atlantic","Current","Standard",30,"M",31,21.37,4,"No",3,4,4,2,5,2,1,1,1,2,2,2,3,2,3,2,4,NA,NA
331,"Atlantic","Current","Standard",43,"F",12,23.27,5.9,"No",2,3,3,3,3,5,5,5,3,3,5,4,4,3,1,3,2,NA,NA
332,"Atlantic","Current","Signature",34,"F",29,19.96,5.4,"Yes",2,1,2,1,3,1,2,3,3,3,4,4,2,2,3,2,3,NA,NA
333,"Ontario_prospect","Current","Standard",37,"F",20,19.6,5.4,"No",3,3,4,2,3,3,4,4,3,3,3,1,2,2,3,2,3,5.5,4.8
334,"Atlantic","Lapsed","Standard",32,"F",9,16.01,4,"Yes",2,3,2,2,1,4,4,2,3,1,1,1,2,4,4,3,4,NA,NA
335,"Atlantic","Lapsed","Discovery",53,"M",1,17.15,6.7,"Yes",2,2,4,2,3,2,2,2,3,4,3,4,3,4,4,4,5,NA,NA
336,"Atlantic","Current","Standard",57,"F",10,20.56,6.1,"Yes",4,5,3,5,3,5,5,4,3,4,5,3,4,4,2,4,5,NA,NA
337,"Atlantic","Current","Signature",52,"M",13,24.51,6.4,"Yes",5,5,3,4,2,2,3,3,3,2,2,2,2,3,4,4,3,4.9,5.8
338,"Ontario_prospect","Current","Standard",37,"M",28,20.29,5.8,"Yes",4,2,3,1,1,3,2,2,1,4,2,2,2,3,3,2,3,3.5,5.4
339,"Ontario_prospect","Current","Discovery",34,"F",14,27.99,6.4,"Yes",3,3,2,2,3,2,3,3,2,4,4,3,4,2,1,3,3,5.7,6.6
340,"Ontario_prospect","Current","Signature",52,"F",41,18.93,6.9,"Yes",3,3,4,5,3,4,4,5,3,2,1,3,1,2,2,2,2,7.3,6.8
341,"Ontario_prospect","Current","Standard",27,"F",1,18.81,5.5,"Yes",2,3,1,3,1,2,2,3,3,3,3,3,4,3,3,3,3,NA,NA
342,"Ontario_prospect","Current","Signature",21,"M",2,22.39,4.8,"No",3,4,3,3,3,1,2,2,1,3,3,1,3,2,2,2,2,NA,NA
343,"Atlantic","Current","Discovery",29,"F",39,22.42,4.7,"Yes",4,4,5,4,3,3,2,2,2,2,3,2,3,1,3,3,1,NA,NA
344,"Atlantic","Current","Discovery",35,"F",6,22.62,7.3,"Yes",3,3,3,2,4,3,1,3,1,3,2,2,3,3,1,2,3,NA,NA
345,"Atlantic","Current","Signature",45,"M",1,28.19,6.7,"Yes",3,3,4,3,2,3,4,3,3,2,2,2,1,4,4,3,4,NA,NA
346,"Atlantic","Current","Standard",59,"M",22,19,6.9,"No",3,4,3,4,2,4,4,3,4,3,3,2,3,1,3,2,1,6.4,6.4
347,"Atlantic","Current","Signature",34,"F",14,25.62,6.1,"No",3,3,3,3,3,3,4,3,4,2,3,2,2,3,1,2,3,NA,NA
348,"Atlantic","Current","Signature",37,"F",8,32.45,8.3,"No",4,5,4,4,3,1,2,2,3,4,5,5,4,4,4,2,4,NA,NA
349,"Atlantic","Current","Discovery",37,"F",73,21.84,6.7,"No",3,4,4,5,5,3,4,4,5,4,5,4,4,3,4,2,3,NA,NA
350,"Ontario_prospect","Lapsed","Discovery",34,"F",14,21.18,4.3,"Yes",3,3,4,3,3,3,3,3,2,3,4,5,3,4,3,5,4,NA,NA
351,"Atlantic","Lapsed","Discovery",44,"F",2,22.42,5.7,"Yes",2,3,3,2,2,5,3,3,3,1,2,3,3,4,2,2,1,NA,NA
352,"Atlantic","Current","Standard",53,"M",26,20.1,4.9,"Yes",3,4,4,3,3,2,4,4,2,4,3,3,4,2,1,4,2,NA,NA
353,"Atlantic","Current","Signature",36,"M",32,24.73,5.6,"Yes",4,5,4,4,5,2,2,2,3,2,2,2,1,2,3,4,3,NA,NA
354,"Atlantic","Current","Standard",49,"F",11,21.98,5.4,"Yes",1,3,1,1,1,5,4,5,4,4,3,4,5,4,3,3,1,NA,NA
355,"Atlantic","Current","Standard",31,"F",31,20.85,7.2,"Yes",2,2,5,3,5,4,3,3,3,3,3,2,3,4,3,2,1,NA,NA
356,"Atlantic","Current","Discovery",54,"F",45,25.42,7.1,"Yes",4,2,3,4,3,4,4,2,3,2,2,3,4,4,3,3,4,7,7.2
357,"Atlantic","Current","Discovery",38,"F",41,19.42,4.7,"Yes",5,4,4,5,4,4,4,4,4,1,2,1,1,2,1,3,4,5.7,5.9
358,"Ontario_prospect","Current","Signature",42,"M",17,26.11,4.8,"Yes",1,2,3,3,5,4,4,4,2,4,3,2,4,5,3,3,4,NA,NA
359,"Atlantic","Current","Signature",35,"M",12,11.79,5.7,"No",2,1,1,2,1,5,5,5,5,1,2,4,4,4,1,3,2,NA,NA
360,"Atlantic","Current","Signature",47,"M",5,19.25,4.9,"No",3,2,3,2,2,1,2,1,2,4,3,2,2,4,4,2,3,NA,NA
361,"Atlantic","Current","Signature",43,"F",23,19.22,6,"No",3,2,3,4,4,3,2,3,4,3,3,3,2,2,3,3,2,6.3,7.6
362,"Atlantic","Current","Standard",34,"M",21,21.44,7.5,"Yes",3,3,3,2,2,3,4,3,5,2,2,3,3,2,4,3,4,NA,NA
363,"Atlantic","Current","Standard",40,"M",31,25.52,6.6,"Yes",4,3,3,4,3,2,3,4,4,4,2,3,3,3,2,3,2,6.8,7.3
364,"Ontario_prospect","Current","Standard",37,"M",11,20.18,5.5,"No",4,3,4,4,4,2,3,3,3,2,2,2,2,2,2,2,2,NA,NA
365,"Atlantic","Lapsed","Signature",54,"F",2,19.3,5.3,"Yes",3,3,3,3,3,4,3,4,5,4,2,3,4,3,3,3,3,NA,NA
366,"Atlantic","Lapsed","Signature",36,"F",6,20.45,5.2,"No",3,4,4,1,3,3,3,3,4,3,4,2,3,5,4,5,4,8.2,9.6
367,"Ontario_prospect","Current","Discovery",33,"M",15,25.08,5.7,"No",3,2,2,2,5,2,4,4,5,3,2,4,2,4,3,4,5,NA,NA
368,"Ontario_prospect","Lapsed","Standard",46,"M",11,15.4,5.1,"No",3,5,5,4,2,4,3,4,3,3,3,2,3,3,2,1,4,NA,NA
369,"Ontario_prospect","Current","Standard",46,"Nonbinary",2,21.22,5.8,"Yes",4,4,3,3,3,3,4,2,5,4,5,4,3,4,3,3,3,NA,NA
370,"Atlantic","Current","Standard",23,"M",28,20.03,6.4,"No",4,4,4,3,5,3,3,4,2,1,2,2,2,2,1,3,2,NA,NA
371,"Atlantic","Current","Discovery",31,"M",51,23.29,7.1,"No",3,2,2,2,2,4,4,3,3,4,3,3,4,5,3,3,3,NA,NA
372,"Atlantic","Current","Signature",64,"F",32,21.29,6.6,"Yes",5,5,4,4,4,2,5,4,3,3,2,2,3,3,3,4,4,NA,NA
373,"Atlantic","Current","Standard",38,"F",18,25.2,5.7,"Yes",5,5,5,3,3,1,2,2,3,4,3,3,4,4,3,4,3,NA,NA
374,"Atlantic","Current","Standard",44,"M",4,21.86,5.7,"No",4,4,3,4,3,2,1,1,2,3,4,3,2,2,3,3,3,NA,NA
375,"Atlantic","Lapsed","Signature",22,"M",10,21.29,4.8,"No",3,4,4,4,4,3,4,4,4,4,3,4,3,2,3,3,3,NA,NA
376,"Ontario_prospect","Current","Signature",21,"F",1,19.23,4.7,"Yes",4,4,4,5,4,3,4,4,2,3,3,1,2,4,2,3,1,NA,NA
377,"Atlantic","Current","Signature",21,"Nonbinary",11,23.08,6.3,"No",3,3,3,3,2,5,4,5,4,4,3,3,2,5,4,3,3,NA,NA
378,"Atlantic","Current","Signature",57,"M",7,28.88,5.4,"Yes",5,4,5,4,5,3,2,2,3,5,3,3,3,4,5,5,3,NA,NA
379,"Ontario_prospect","Current","Standard",52,"F",53,19.3,5.4,"No",3,3,2,2,2,2,1,1,2,3,2,4,1,2,2,2,4,NA,NA
380,"Atlantic","Lapsed","Signature",21,"F",3,22.26,3.3,"No",2,1,2,1,2,4,3,3,3,4,3,4,4,4,4,5,5,NA,NA
381,"Atlantic","Current","Standard",21,"F",14,24.88,5.6,"No",2,3,2,2,2,4,2,2,3,3,4,5,2,3,2,4,3,NA,NA
382,"Atlantic","Current","Signature",27,"F",5,20.1,6.1,"No",4,2,1,2,3,2,3,4,2,4,3,4,3,4,5,2,5,NA,NA
383,"Atlantic","Current","Signature",31,"F",16,22.81,6.2,"No",2,2,2,2,1,2,2,3,3,4,3,3,4,2,3,3,4,NA,NA
384,"Atlantic","Current","Standard",38,"Nonbinary",18,22.77,5.7,"No",3,4,4,4,3,3,4,5,3,3,1,1,2,2,1,3,3,NA,NA
385,"Ontario_prospect","Current","Signature",45,"M",30,23.71,6.5,"No",4,4,4,5,4,3,2,4,3,4,3,3,4,2,3,2,3,5.7,6.7
386,"Atlantic","Current","Discovery",38,"F",3,23.12,5.3,"Yes",3,3,3,2,1,3,5,4,3,4,3,4,2,3,4,4,2,NA,NA
387,"Atlantic","Current","Standard",36,"M",8,19.58,5.9,"Yes",2,3,3,3,4,4,4,4,4,5,3,5,4,3,5,3,4,NA,NA
388,"Ontario_prospect","Lapsed","Standard",60,"F",31,14.64,4.1,"No",3,2,2,2,2,3,4,3,4,3,4,5,3,3,3,3,3,4,4.9
389,"Atlantic","Current","Discovery",45,"Nonbinary",46,24.39,6.4,"Yes",3,2,2,2,3,4,4,5,4,3,3,4,4,5,4,4,4,NA,NA
390,"Ontario_prospect","Current","Standard",47,"F",4,17.71,6.7,"No",4,3,3,3,3,3,3,4,3,3,3,2,3,2,3,4,2,NA,NA
391,"Ontario_prospect","Current","Discovery",39,"M",53,24.07,6.8,"Yes",4,3,5,5,3,3,2,5,4,5,2,3,3,3,3,4,3,NA,NA
392,"Atlantic","Current","Discovery",32,"F",10,28.47,7.6,"Yes",5,5,5,4,5,3,2,1,4,4,4,3,2,3,3,3,2,NA,NA
393,"Atlantic","Current","Signature",35,"F",4,23.03,7.5,"Yes",3,1,3,3,3,4,3,3,4,3,5,4,5,3,5,5,4,NA,NA
394,"Ontario_prospect","Current","Signature",35,"M",39,19.94,5.7,"Yes",2,2,3,3,3,3,2,3,2,4,4,2,3,2,3,2,3,NA,NA
395,"Atlantic","Current","Standard",38,"M",3,20.86,6,"Yes",1,3,2,1,2,2,3,1,4,3,3,2,1,2,2,3,3,NA,NA
396,"Ontario_prospect","Current","Signature",37,"F",4,17.63,6.6,"No",2,2,1,2,2,5,4,4,5,2,4,2,3,3,2,3,3,NA,NA
397,"Atlantic","Current","Signature",22,"M",15,20.34,4.3,"No",3,3,4,3,5,4,3,1,3,1,2,3,1,4,2,3,4,NA,NA
398,"Atlantic","Current","Standard",40,"F",12,11.86,7.5,"Yes",3,4,3,2,3,2,3,2,4,5,5,5,5,4,2,5,4,NA,NA
399,"Ontario_prospect","Current","Signature",21,"M",4,25.96,5.7,"Yes",2,1,1,1,1,4,3,3,4,3,4,4,3,3,2,4,2,NA,NA
400,"Atlantic","Current","Signature",62,"F",11,24.39,6.8,"No",2,2,3,3,4,3,3,3,3,4,5,5,3,3,3,3,3,NA,NA
401,"Ontario_prospect","Lapsed","Standard",32,"M",12,16.55,6.1,"No",2,1,3,3,3,2,2,3,1,3,3,2,2,4,3,3,2,4.4,5.7
402,"Atlantic","Current","Standard",32,"M",2,24.75,5.4,"Yes",3,3,3,3,3,1,2,2,1,3,2,4,4,2,2,3,3,NA,NA
403,"Ontario_prospect","Current","Standard",25,"Nonbinary",24,15.84,6.7,"No",2,3,3,3,4,2,2,3,2,3,4,5,4,2,4,2,2,NA,NA
404,"Atlantic","Current","Standard",40,"F",25,16.46,6.6,"Yes",4,4,5,4,2,2,1,3,5,2,1,1,2,1,2,2,1,NA,NA
405,"Ontario_prospect","Lapsed","Signature",40,"F",8,20.31,5.1,"No",1,2,2,2,3,4,3,5,4,4,3,4,2,2,3,3,1,NA,NA
406,"Atlantic","Current","Signature",43,"M",8,21.05,5.3,"No",2,3,2,2,3,3,4,4,4,3,1,2,2,2,2,4,2,NA,NA
407,"Atlantic","Current","Discovery",50,"M",13,26.83,7,"Yes",3,5,3,3,3,2,1,3,3,3,4,3,3,3,3,3,4,6,5.3
408,"Atlantic","Current","Discovery",50,"F",20,24.83,5.9,"No",2,3,4,1,3,3,2,4,5,3,3,3,4,3,2,2,3,7.8,9.6
409,"Atlantic","Current","Signature",43,"M",8,22.87,6.7,"No",4,4,5,4,4,3,3,3,4,4,3,4,4,4,5,4,4,NA,NA
410,"Atlantic","Current","Signature",31,"M",56,27.93,6.7,"No",3,3,4,4,2,2,1,1,1,2,3,3,2,4,2,2,5,6.4,7.2
411,"Atlantic","Current","Discovery",52,"M",7,26.41,6.1,"No",3,3,3,2,3,4,4,3,3,2,1,1,2,3,3,2,2,NA,NA
412,"Atlantic","Current","Standard",44,"F",12,25.73,4.8,"No",5,5,5,5,4,3,4,2,3,4,3,4,2,3,4,2,5,NA,NA
413,"Ontario_prospect","Lapsed","Standard",33,"M",5,17.27,4.1,"Yes",3,3,3,2,3,2,4,4,2,4,3,2,3,5,3,4,3,NA,NA
414,"Ontario_prospect","Lapsed","Standard",41,"M",7,14.39,3.5,"No",4,2,3,4,4,2,3,2,2,4,4,2,5,3,5,5,4,4.9,7.2
415,"Ontario_prospect","Current","Discovery",40,"F",34,26.1,5.9,"No",2,2,2,4,5,2,3,1,2,2,1,2,3,2,3,4,3,NA,NA
416,"Ontario_prospect","Current","Discovery",47,"M",9,23.87,6.5,"No",3,3,4,3,3,2,2,2,3,3,4,3,3,2,2,2,1,NA,NA
417,"Atlantic","Lapsed","Standard",59,"F",32,14.39,4.6,"Yes",2,4,3,2,2,3,4,2,5,4,2,1,4,5,3,4,3,NA,NA
418,"Atlantic","Current","Signature",31,"M",26,21.57,7.6,"Yes",5,5,4,5,5,2,3,1,2,2,1,2,2,4,3,4,3,NA,NA
419,"Ontario_prospect","Lapsed","Signature",21,"M",1,20.64,4.4,"No",2,3,3,2,2,2,2,3,4,4,2,4,2,2,2,1,2,4.3,5.3
420,"Atlantic","Lapsed","Signature",29,"F",2,15.85,3.6,"No",3,1,1,2,1,2,4,3,2,3,3,2,3,2,2,2,2,7.5,6.8
421,"Ontario_prospect","Current","Signature",55,"M",32,23.58,6,"Yes",3,4,3,2,4,3,3,4,2,3,1,3,2,3,3,3,4,NA,NA
422,"Atlantic","Current","Signature",53,"M",20,25.1,7.4,"No",5,4,3,4,5,4,5,5,5,3,4,3,5,3,2,3,4,NA,NA
423,"Atlantic","Current","Signature",37,"M",27,24.68,5.5,"No",3,1,2,2,1,3,4,2,2,4,2,4,3,4,3,1,2,5.9,6
424,"Atlantic","Lapsed","Standard",27,"F",15,15.33,6.2,"Yes",1,1,2,2,2,1,2,2,2,1,1,3,3,3,5,3,3,NA,NA
425,"Ontario_prospect","Current","Standard",39,"F",32,21.91,4.9,"Yes",3,1,2,5,2,3,5,3,5,4,4,3,4,4,5,5,4,NA,NA
426,"Atlantic","Lapsed","Standard",43,"F",3,16.25,4.6,"No",3,2,3,3,4,1,1,2,1,2,3,2,2,2,3,3,4,NA,NA
427,"Atlantic","Current","Standard",51,"M",49,28.3,7.3,"No",4,4,5,4,4,2,2,4,5,4,5,4,3,5,5,3,3,NA,NA
428,"Atlantic","Current","Discovery",49,"F",1,29.55,5.7,"No",1,2,1,3,2,4,4,4,2,4,3,3,3,1,3,2,3,6.8,7.7
429,"Ontario_prospect","Current","Standard",43,"F",20,21.21,4.8,"Yes",5,3,5,4,5,3,4,5,4,4,4,3,4,4,4,4,2,NA,NA
430,"Atlantic","Current","Signature",21,"F",2,19.18,6.9,"No",3,3,3,3,2,3,3,4,3,4,3,3,2,4,3,4,3,NA,NA
431,"Atlantic","Current","Signature",41,"F",27,23.81,5.6,"No",5,3,4,3,4,2,2,1,3,2,2,2,3,1,2,2,3,NA,NA
432,"Atlantic","Current","Standard",33,"F",5,18.5,7,"Yes",5,4,4,5,5,3,4,2,3,5,4,4,4,4,2,2,1,NA,NA
433,"Atlantic","Current","Standard",49,"M",10,18.73,4.6,"Yes",4,3,4,4,5,3,5,5,4,3,1,4,3,1,2,3,3,NA,NA
434,"Ontario_prospect","Current","Signature",51,"M",34,25.65,8.2,"Yes",5,5,5,3,4,5,4,3,3,5,3,4,4,3,4,3,4,NA,NA
435,"Ontario_prospect","Current","Standard",40,"F",19,17.49,6.8,"Yes",3,4,2,3,2,3,1,3,1,2,3,3,3,4,4,3,3,7.3,6.9
436,"Atlantic","Lapsed","Signature",45,"M",3,22.61,5,"Yes",4,3,4,2,5,1,2,3,5,2,2,4,3,2,2,1,2,NA,NA
437,"Atlantic","Current","Signature",31,"M",2,21.83,4.8,"Yes",3,2,3,1,2,2,1,1,2,3,2,2,2,1,1,1,2,NA,NA
438,"Ontario_prospect","Current","Signature",36,"F",1,22.94,5.1,"Yes",4,4,2,2,1,3,4,4,4,5,5,5,5,4,4,3,3,7.4,7.5
439,"Ontario_prospect","Current","Standard",21,"Nonbinary",20,20.77,6.7,"No",5,5,5,5,3,2,2,3,4,3,3,5,3,3,1,2,2,NA,NA
440,"Atlantic","Current","Signature",21,"M",18,23.44,6.4,"Yes",2,2,2,2,2,3,2,2,1,2,4,1,3,4,3,3,3,NA,NA
441,"Ontario_prospect","Current","Standard",31,"F",6,19.79,4.6,"No",1,1,1,2,2,3,4,3,3,3,4,5,5,3,3,3,3,NA,NA
442,"Ontario_prospect","Current","Discovery",54,"M",6,26.74,7.1,"Yes",4,3,2,3,2,2,3,3,2,3,2,2,2,1,1,1,1,7.2,6.8
443,"Atlantic","Current","Standard",57,"F",8,29.09,6,"No",2,2,1,2,1,5,2,2,4,4,5,5,4,3,3,3,3,NA,NA
444,"Ontario_prospect","Current","Signature",46,"F",1,22.53,6.6,"Yes",2,4,4,3,4,2,2,2,3,3,2,4,4,5,5,5,5,NA,NA
445,"Atlantic","Lapsed","Discovery",54,"F",6,23.21,8.1,"No",4,4,4,4,3,5,5,4,5,4,5,5,4,5,5,4,5,NA,NA
446,"Ontario_prospect","Current","Signature",45,"M",4,16.55,7.4,"Yes",4,2,5,4,4,4,4,2,3,3,4,3,2,3,3,4,3,NA,NA
447,"Atlantic","Current","Signature",32,"F",13,21.98,5.4,"Yes",4,3,3,3,2,3,2,3,4,4,3,4,3,2,1,1,1,NA,NA
448,"Ontario_prospect","Current","Signature",29,"F",15,33.39,6.1,"No",4,3,4,3,1,4,2,5,5,4,3,3,3,4,5,4,3,NA,NA
449,"Ontario_prospect","Current","Discovery",54,"M",25,27.54,5.3,"No",1,2,1,2,3,3,3,4,4,2,1,2,3,3,3,5,3,4.5,3.9
450,"Atlantic","Current","Signature",34,"M",3,26.07,6.7,"No",4,3,3,4,3,3,4,4,4,5,4,5,3,2,1,1,3,NA,NA
451,"Atlantic","Current","Standard",35,"M",4,16.5,5.7,"No",4,3,3,4,3,1,1,2,2,2,2,3,3,2,3,2,2,NA,NA
452,"Atlantic","Current","Signature",41,"F",25,20.63,6.3,"No",2,3,1,3,2,3,3,4,5,2,2,2,3,4,2,5,3,NA,NA
453,"Ontario_prospect","Current","Standard",41,"F",7,18.88,5.3,"No",5,4,3,3,4,5,3,5,5,3,3,3,2,3,4,3,3,5.6,5.4
454,"Atlantic","Current","Standard",40,"M",18,23.73,4.6,"No",3,3,3,1,4,3,2,2,3,3,3,3,2,3,3,2,3,7.3,7
455,"Ontario_prospect","Lapsed","Standard",48,"F",1,17.65,2.9,"No",5,4,4,4,5,2,3,3,3,1,3,3,2,3,4,4,3,5,5.4
456,"Atlantic","Current","Standard",32,"M",19,21.21,6.8,"Yes",4,2,3,3,4,4,3,4,3,3,3,3,4,3,1,4,3,NA,NA
457,"Atlantic","Current","Standard",54,"F",1,22.98,7.1,"No",4,4,3,5,5,3,4,3,3,2,2,2,1,2,2,1,2,NA,NA
458,"Atlantic","Current","Standard",46,"M",13,20.2,5.1,"No",2,2,1,3,3,3,1,2,3,3,4,3,4,1,3,2,1,7.8,8.5
459,"Atlantic","Current","Discovery",44,"F",23,24.41,6.3,"Yes",3,2,3,3,3,2,4,3,4,3,3,5,4,3,3,4,4,NA,NA
460,"Ontario_prospect","Lapsed","Standard",31,"F",1,18.45,2.8,"Yes",2,3,3,4,3,2,4,3,3,2,3,4,4,2,1,1,2,NA,NA
461,"Atlantic","Current","Signature",55,"F",37,21.96,8.1,"Yes",3,3,3,3,2,4,1,3,2,4,2,4,3,5,4,4,3,6.8,6.6
462,"Atlantic","Current","Signature",33,"F",51,28.84,7.4,"Yes",2,3,4,3,2,5,5,5,4,4,4,3,5,4,3,2,4,6.6,6.4
463,"Atlantic","Current","Standard",36,"F",35,18.39,5.1,"No",4,3,4,4,4,3,3,4,5,3,3,4,3,3,3,3,3,NA,NA
464,"Ontario_prospect","Current","Discovery",47,"F",64,23.36,8,"No",3,3,4,4,4,4,4,3,4,4,5,5,4,4,4,3,3,NA,NA
465,"Ontario_prospect","Current","Standard",50,"F",7,22.05,4.7,"Yes",4,4,3,4,5,2,2,1,1,2,3,3,2,5,5,3,3,NA,NA
466,"Ontario_prospect","Current","Standard",32,"M",3,15.69,6,"No",5,2,3,4,4,4,4,4,3,3,3,2,3,4,4,5,4,NA,NA
467,"Ontario_prospect","Current","Standard",38,"F",5,20.38,7.3,"No",4,4,3,4,4,3,3,3,3,4,3,4,2,1,1,2,1,NA,NA
468,"Atlantic","Current","Discovery",33,"F",4,30.59,7,"No",5,4,5,3,4,2,3,3,4,3,3,3,2,4,2,3,5,NA,NA
469,"Atlantic","Current","Signature",41,"F",8,22.53,6.3,"Yes",4,3,2,4,3,3,3,3,3,3,3,3,4,2,1,1,2,NA,NA
470,"Atlantic","Current","Standard",28,"F",1,24.22,5.7,"No",3,3,2,2,3,2,2,4,1,2,2,1,2,2,3,3,3,NA,NA
471,"Ontario_prospect","Lapsed","Standard",48,"M",5,16.28,4.7,"No",5,3,4,3,5,3,1,3,3,1,2,2,2,1,2,3,5,NA,NA
472,"Ontario_prospect","Current","Standard",36,"F",2,20.33,4.1,"Yes",3,2,3,3,2,4,4,5,3,5,5,5,4,2,3,2,2,NA,NA
473,"Atlantic","Current","Standard",26,"M",6,23.02,4.2,"No",1,1,1,1,1,3,2,3,4,1,3,1,2,2,4,1,3,NA,NA
474,"Ontario_prospect","Current","Signature",31,"F",12,21.86,4.8,"No",3,3,4,2,4,1,1,2,2,3,3,5,4,2,2,2,2,NA,NA
475,"Ontario_prospect","Lapsed","Discovery",49,"M",5,24.48,5.9,"Yes",4,4,4,3,4,3,3,3,3,3,2,3,3,2,3,4,3,NA,NA
476,"Ontario_prospect","Current","Discovery",21,"F",4,26.78,6.5,"Yes",3,3,2,2,3,4,5,4,5,2,4,3,3,4,3,3,3,5.1,5.9
477,"Atlantic","Current","Signature",44,"F",9,29.66,6.9,"No",4,3,1,2,4,2,2,2,2,4,4,4,5,2,2,4,3,NA,NA
478,"Ontario_prospect","Current","Standard",46,"F",11,16.03,5.6,"Yes",4,4,4,2,4,2,2,4,2,3,2,2,3,3,3,3,3,NA,NA
479,"Atlantic","Lapsed","Signature",29,"F",1,20.52,3.8,"No",3,2,4,2,2,4,4,4,3,3,1,2,2,3,1,4,3,NA,NA
480,"Ontario_prospect","Current","Signature",45,"M",54,17.07,7.8,"Yes",5,3,4,5,4,1,2,2,2,3,4,3,2,2,3,1,1,NA,NA
481,"Atlantic","Lapsed","Signature",45,"M",16,23.55,4,"No",4,4,5,4,2,3,3,3,4,3,3,4,2,4,2,4,3,6.2,7
482,"Ontario_prospect","Current","Standard",48,"M",6,24.02,5.9,"No",4,4,5,5,2,3,4,3,2,1,2,2,2,3,3,2,3,NA,NA
483,"Atlantic","Current","Standard",37,"M",8,31.01,6.1,"Yes",1,3,2,2,3,4,4,4,4,4,3,4,3,4,4,2,4,NA,NA
484,"Ontario_prospect","Current","Discovery",33,"M",24,25.12,5.5,"No",1,2,1,2,2,2,4,3,3,4,3,5,2,3,5,3,3,NA,NA
485,"Ontario_prospect","Current","Signature",22,"F",57,24.27,6.2,"Yes",3,3,4,2,2,4,2,4,3,2,1,2,3,5,5,5,4,NA,NA
486,"Ontario_prospect","Current","Standard",35,"M",8,17.05,4.8,"Yes",4,4,4,4,4,3,3,2,2,3,2,1,3,3,3,2,4,NA,NA
487,"Ontario_prospect","Lapsed","Standard",60,"F",11,19.78,4.7,"No",4,4,4,4,4,2,3,2,2,1,4,1,3,4,1,3,3,6.1,7.2
488,"Atlantic","Current","Signature",45,"M",12,21.52,6.1,"No",2,1,2,1,1,5,3,4,3,4,4,4,4,5,4,3,4,NA,NA
489,"Ontario_prospect","Current","Standard",29,"F",2,19.1,7.9,"No",5,5,4,5,4,5,4,4,5,3,3,3,2,2,4,3,3,NA,NA
490,"Atlantic","Current","Signature",55,"F",23,23.44,7.2,"No",4,4,3,3,3,4,3,3,4,4,4,3,3,4,4,4,3,NA,NA
491,"Ontario_prospect","Current","Signature",36,"F",76,21.75,8.8,"Yes",5,5,4,4,5,2,3,1,3,2,3,3,4,1,3,3,2,NA,NA
492,"Atlantic","Current","Standard",21,"M",30,21.27,6.7,"No",2,2,2,2,2,3,5,4,4,5,5,5,5,3,4,5,3,NA,NA
493,"Atlantic","Current","Discovery",26,"Nonbinary",43,28.85,6.2,"Yes",4,4,4,4,5,2,4,5,4,5,4,5,4,3,2,3,4,NA,NA
494,"Atlantic","Lapsed","Signature",28,"F",5,19.43,3.8,"No",1,1,2,1,1,4,3,4,3,2,2,2,3,2,4,3,1,NA,NA
495,"Ontario_prospect","Current","Standard",44,"F",3,19.67,6.8,"Yes",3,3,3,3,5,3,2,3,4,4,3,3,4,4,5,5,4,NA,NA
496,"Atlantic","Current","Signature",30,"M",2,25.44,5.9,"Yes",3,2,4,3,4,3,3,1,2,4,5,4,5,4,3,3,3,5.3,5.5
497,"Ontario_prospect","Current","Standard",52,"F",16,21.49,6.3,"Yes",2,3,1,2,4,3,4,2,3,2,3,4,3,3,3,3,3,6.8,6.2
498,"Atlantic","Current","Signature",26,"M",5,23.08,7,"Yes",3,3,4,5,4,4,4,4,3,1,1,1,1,2,2,2,3,NA,NA
499,"Atlantic","Current","Signature",32,"F",18,21.01,7.7,"Yes",5,3,5,5,4,3,3,3,2,2,3,3,3,3,3,4,3,NA,NA
500,"Atlantic","Current","Signature",27,"F",12,19.24,6.4,"No",2,2,1,1,3,2,1,2,2,1,2,3,1,2,2,1,1,NA,NA
501,"Ontario_prospect","Current","Discovery",34,"F",14,22.56,8.4,"No",5,5,5,4,4,4,5,4,4,4,4,5,4,4,3,5,5,NA,NA
502,"Atlantic","Current","Standard",39,"F",3,18.8,5.5,"No",2,2,2,2,3,4,5,5,5,2,4,2,2,3,3,3,2,NA,NA
503,"Atlantic","Current","Discovery",25,"M",38,22.79,5.9,"Yes",5,5,5,5,4,2,1,3,4,2,3,2,1,1,2,3,1,NA,NA
504,"Atlantic","Current","Signature",55,"F",1,21.13,5.2,"No",2,1,1,1,1,3,3,2,2,3,4,4,3,4,4,3,4,NA,NA
505,"Atlantic","Lapsed","Signature",63,"M",8,22.42,7,"No",3,4,4,5,4,3,2,3,2,4,4,3,3,3,3,2,4,NA,NA
506,"Atlantic","Current","Discovery",60,"M",3,31.37,6.8,"No",4,4,3,3,3,5,5,3,4,4,4,4,5,1,2,1,1,4.6,6.5
507,"Ontario_prospect","Current","Signature",28,"M",46,24.72,4.4,"Yes",4,3,3,2,2,1,3,1,4,4,4,3,4,5,4,2,5,NA,NA
508,"Atlantic","Current","Standard",44,"M",18,29.34,5.9,"No",3,5,3,4,4,1,1,1,2,3,2,2,3,2,3,3,2,5.2,5.6
509,"Atlantic","Lapsed","Discovery",42,"M",2,24.44,7.3,"No",3,3,3,3,2,3,3,3,2,5,5,4,4,5,5,5,5,NA,NA
510,"Atlantic","Current","Signature",36,"M",1,18.31,7,"No",2,2,3,4,3,4,2,3,3,2,1,2,1,1,1,1,1,NA,NA
511,"Ontario_prospect","Current","Discovery",40,"M",9,26.14,8,"Yes",4,4,4,5,5,3,2,2,5,4,5,3,4,5,5,4,3,NA,NA
512,"Atlantic","Current","Discovery",36,"M",37,20.64,8,"Yes",5,4,4,5,5,2,1,2,1,2,1,2,2,2,2,4,3,NA,NA
513,"Ontario_prospect","Current","Signature",27,"M",2,23.62,4.9,"No",2,1,1,1,3,2,3,4,2,4,4,1,4,5,5,3,4,NA,NA
514,"Atlantic","Current","Standard",58,"M",87,19.9,5.3,"No",3,3,1,3,3,2,4,4,3,4,4,5,5,4,4,4,5,NA,NA
515,"Atlantic","Current","Signature",53,"M",3,22.46,7.2,"No",4,5,4,4,3,5,3,4,4,2,2,2,2,3,3,3,4,NA,NA
516,"Ontario_prospect","Current","Standard",38,"M",10,18.74,6,"Yes",5,3,4,3,4,5,5,3,4,2,4,4,3,2,3,3,4,NA,NA
517,"Ontario_prospect","Current","Discovery",39,"F",5,28.15,5.9,"No",2,3,2,3,2,1,1,3,1,2,4,4,3,3,3,3,2,NA,NA
518,"Atlantic","Current","Standard",30,"M",46,24.02,4.6,"No",5,5,5,5,4,3,2,4,3,2,3,2,2,2,3,3,2,6.3,6.7
519,"Atlantic","Current","Discovery",35,"M",16,31.62,6.7,"No",4,2,4,2,3,4,3,4,3,5,5,5,5,2,4,3,3,NA,NA
520,"Ontario_prospect","Current","Signature",54,"M",3,16.96,3.4,"No",2,2,1,2,2,2,2,2,1,3,2,4,1,2,2,3,4,NA,NA
521,"Atlantic","Current","Standard",41,"M",10,23,6,"Yes",2,1,3,1,2,4,4,3,4,4,2,3,3,3,3,4,3,NA,NA
522,"Ontario_prospect","Current","Standard",49,"F",4,12.29,4.5,"Yes",3,2,3,1,1,3,1,1,3,4,3,2,3,3,3,3,3,NA,NA
523,"Ontario_prospect","Current","Standard",37,"M",4,26,5.3,"Yes",5,4,4,4,4,5,4,4,4,2,1,2,1,3,1,3,3,NA,NA
524,"Ontario_prospect","Lapsed","Standard",27,"Nonbinary",4,23.01,4.8,"No",2,1,3,2,1,5,4,4,4,4,4,3,3,4,3,3,3,NA,NA
525,"Atlantic","Current","Standard",37,"M",45,26.39,8.3,"Yes",5,3,5,4,5,4,4,5,4,4,5,3,4,1,1,3,2,NA,NA
526,"Atlantic","Current","Discovery",30,"M",89,28.98,6.7,"Yes",4,3,4,5,4,3,3,1,3,2,2,2,4,1,3,2,3,NA,NA
527,"Atlantic","Current","Standard",47,"F",14,18.86,6.5,"Yes",2,2,3,4,4,2,2,4,3,2,1,2,3,1,1,1,2,NA,NA
528,"Atlantic","Current","Discovery",37,"Nonbinary",12,28.74,7,"Yes",2,2,2,3,4,1,2,2,1,3,2,3,2,3,3,3,4,NA,NA
529,"Ontario_prospect","Lapsed","Standard",34,"M",6,18.96,4.8,"Yes",3,3,3,4,3,3,3,3,3,4,4,4,3,3,3,2,5,4.4,6.7
530,"Atlantic","Current","Signature",49,"Nonbinary",1,21.67,3.5,"Yes",1,1,1,1,1,3,4,3,3,3,2,3,3,4,5,3,3,NA,NA
531,"Ontario_prospect","Current","Signature",31,"F",19,22.95,7.3,"Yes",5,5,4,5,4,5,4,4,3,4,4,4,3,4,5,5,4,NA,NA
532,"Ontario_prospect","Current","Standard",34,"F",34,12.42,6.7,"Yes",3,4,4,2,4,2,4,3,4,3,2,1,3,3,3,2,2,6.1,6.6
533,"Ontario_prospect","Current","Discovery",41,"F",27,21.03,6.5,"Yes",3,3,3,3,3,3,3,3,2,3,4,3,3,3,3,2,3,NA,NA
534,"Atlantic","Current","Standard",42,"M",3,25.34,4.7,"No",4,4,3,3,2,3,5,3,4,3,2,3,2,4,3,4,3,NA,NA
535,"Ontario_prospect","Current","Signature",31,"F",17,20.14,5.7,"No",2,3,2,3,2,3,3,3,3,3,3,2,3,5,5,5,3,NA,NA
536,"Atlantic","Current","Standard",35,"F",24,23.06,6.4,"No",4,4,4,3,1,3,2,2,3,4,3,2,3,1,2,3,1,NA,NA
537,"Atlantic","Lapsed","Standard",41,"M",15,25.76,5.3,"Yes",4,4,5,3,3,4,3,2,3,3,3,4,3,4,3,4,1,NA,NA
538,"Atlantic","Current","Standard",25,"F",6,21.99,6.5,"Yes",1,2,2,4,2,4,3,2,3,2,3,2,3,2,4,3,4,NA,NA
539,"Atlantic","Lapsed","Signature",28,"F",8,22.35,4.7,"Yes",4,3,4,4,3,3,2,2,3,2,2,2,1,3,3,5,2,NA,NA
540,"Atlantic","Current","Standard",59,"F",24,24.18,5.1,"Yes",5,5,4,5,4,2,3,2,2,5,4,4,3,5,4,5,3,NA,NA
541,"Atlantic","Current","Discovery",24,"F",12,21.83,5,"Yes",2,4,4,3,3,2,2,2,2,2,2,2,3,5,4,2,5,5.7,4.6
542,"Ontario_prospect","Current","Standard",43,"M",2,13.09,7.4,"Yes",4,3,3,3,3,4,4,2,3,4,3,4,2,2,1,2,3,5.1,6.7
543,"Ontario_prospect","Lapsed","Discovery",31,"M",18,22.92,5.7,"Yes",4,5,4,3,5,4,3,5,2,3,4,3,3,2,4,3,5,NA,NA
544,"Atlantic","Current","Signature",59,"F",2,28.9,6.8,"Yes",3,1,2,2,2,5,5,5,3,4,2,4,5,1,1,1,2,NA,NA
545,"Atlantic","Current","Standard",45,"F",13,24.34,5.2,"Yes",3,2,1,1,2,2,3,2,2,2,2,2,4,3,2,2,4,6.2,5.8
546,"Ontario_prospect","Lapsed","Standard",43,"F",2,25.48,5.4,"Yes",3,2,3,2,1,3,3,3,2,4,4,3,4,4,4,4,3,NA,NA
547,"Atlantic","Current","Discovery",46,"M",16,30.25,7.6,"No",4,5,4,5,5,3,4,4,2,3,4,4,2,4,5,5,3,NA,NA
548,"Ontario_prospect","Lapsed","Signature",36,"M",6,15.32,4.2,"Yes",4,3,4,3,1,4,3,4,4,4,3,3,4,3,4,2,2,6,6.4
549,"Atlantic","Current","Standard",21,"F",28,15.65,6.2,"No",3,1,1,2,3,4,4,5,5,5,2,3,3,4,3,3,4,NA,NA
550,"Atlantic","Current","Standard",30,"F",4,20.41,5,"Yes",3,3,4,3,3,2,1,1,1,4,3,2,2,5,4,4,3,NA,NA
551,"Atlantic","Lapsed","Discovery",54,"F",7,24.16,5.3,"No",2,2,2,2,3,3,4,2,2,4,2,4,3,3,4,4,5,NA,NA
552,"Atlantic","Current","Discovery",43,"F",9,27.77,5.3,"No",2,2,3,2,3,5,4,2,3,3,2,4,3,4,3,3,3,NA,NA
553,"Atlantic","Current","Standard",55,"F",81,19.67,5.8,"No",4,2,2,3,1,3,4,3,2,3,4,4,3,4,4,4,5,NA,NA
554,"Atlantic","Current","Signature",62,"F",20,25.89,6.2,"No",5,5,5,4,4,4,3,2,2,3,3,3,4,5,5,5,5,NA,NA
555,"Atlantic","Current","Discovery",30,"F",11,22.95,6.6,"Yes",3,4,3,4,4,3,3,3,3,3,4,4,4,3,3,3,4,NA,NA
556,"Ontario_prospect","Current","Signature",34,"F",2,23.56,6.4,"Yes",3,3,4,3,3,3,4,4,2,3,4,3,3,3,5,3,4,NA,NA
557,"Atlantic","Current","Standard",57,"F",57,24.99,6.9,"No",5,5,5,5,4,4,3,3,3,3,3,2,3,4,3,3,2,NA,NA
558,"Atlantic","Current","Signature",35,"M",16,20.78,5,"Yes",1,1,2,1,3,2,2,3,2,4,3,4,2,1,2,1,1,7.6,7.3
559,"Atlantic","Current","Discovery",32,"M",21,26.42,5.1,"No",2,2,2,3,1,3,4,1,2,5,3,3,3,5,5,4,4,5.2,6.3
560,"Atlantic","Current","Standard",35,"F",7,18.46,5.8,"No",4,3,2,3,3,3,2,1,1,1,1,3,1,2,2,3,3,NA,NA
561,"Ontario_prospect","Current","Signature",23,"F",2,23.45,6.8,"Yes",2,1,2,1,1,2,3,2,3,4,3,3,3,3,3,3,4,NA,NA
562,"Atlantic","Current","Signature",21,"M",11,25.12,6.7,"No",4,5,4,3,5,3,3,3,3,3,1,1,3,4,3,4,3,NA,NA
563,"Ontario_prospect","Lapsed","Standard",31,"M",10,17.18,5.3,"No",2,2,1,1,2,2,2,3,3,3,2,2,3,3,2,2,3,NA,NA
564,"Atlantic","Current","Standard",54,"M",5,19.19,4.8,"Yes",3,3,2,2,2,2,3,3,2,1,2,3,2,3,3,2,2,NA,NA
565,"Ontario_prospect","Current","Standard",21,"F",35,20.53,6.3,"Yes",3,3,3,3,3,2,3,3,2,2,3,3,1,3,2,3,2,NA,NA
566,"Atlantic","Current","Signature",36,"F",27,26.03,5.5,"No",1,3,2,3,3,3,1,1,2,1,2,2,2,3,2,3,2,NA,NA
567,"Atlantic","Lapsed","Discovery",75,"F",9,18.36,4.7,"Yes",3,3,2,1,3,1,3,3,3,1,3,3,2,3,5,4,1,5.3,6.1
568,"Atlantic","Current","Standard",47,"M",27,22.17,6.8,"Yes",3,4,2,3,4,3,3,2,3,5,4,3,3,4,3,4,2,NA,NA
569,"Ontario_prospect","Current","Standard",43,"F",40,12.89,6.4,"No",4,3,2,4,3,3,2,1,2,2,3,2,1,2,2,1,2,NA,NA
570,"Ontario_prospect","Current","Standard",29,"M",25,19.12,5.6,"Yes",4,5,4,3,5,3,2,4,2,3,3,1,1,2,3,4,2,NA,NA
571,"Atlantic","Current","Signature",45,"F",12,18.26,5.3,"Yes",3,3,3,2,2,3,2,1,3,2,3,3,2,3,2,4,2,NA,NA
572,"Atlantic","Current","Standard",54,"F",87,17.84,5.8,"No",3,3,5,4,5,1,1,2,2,3,3,3,3,3,2,2,3,NA,NA
573,"Ontario_prospect","Current","Discovery",50,"F",2,26.79,3.9,"No",2,3,1,2,3,5,5,4,5,3,2,3,3,4,4,5,3,NA,NA
574,"Ontario_prospect","Current","Signature",21,"M",1,20.57,5.9,"No",3,3,3,4,4,2,1,1,1,2,2,3,2,1,1,1,1,6.4,5.7
575,"Ontario_prospect","Current","Signature",21,"M",8,25.05,6.1,"Yes",4,4,3,3,3,4,2,4,4,3,3,2,3,3,3,3,1,NA,NA
576,"Atlantic","Current","Discovery",51,"M",15,27.34,5.9,"Yes",4,4,3,4,5,3,3,5,4,4,3,5,5,3,5,3,3,NA,NA
577,"Atlantic","Lapsed","Standard",39,"M",34,15.69,4.8,"No",3,3,4,3,4,3,4,3,3,4,4,4,5,4,3,5,3,NA,NA
578,"Atlantic","Current","Standard",43,"F",49,20.65,6.2,"Yes",4,4,3,5,3,3,2,4,3,5,3,4,5,4,5,5,4,NA,NA
579,"Atlantic","Lapsed","Standard",40,"F",3,20.26,5.5,"No",5,4,4,3,5,3,3,3,3,5,3,3,4,3,3,3,4,NA,NA
580,"Atlantic","Current","Standard",45,"Nonbinary",13,20.48,6,"Yes",3,2,1,3,2,5,4,5,5,3,4,4,5,4,4,5,3,NA,NA
581,"Atlantic","Lapsed","Discovery",38,"F",7,22.21,5.2,"No",4,4,3,2,3,3,3,2,3,3,3,3,2,2,4,2,4,NA,NA
582,"Atlantic","Lapsed","Discovery",40,"M",4,28.07,4.2,"No",4,5,5,5,4,4,2,4,4,2,3,3,3,4,2,3,3,NA,NA
583,"Atlantic","Current","Signature",52,"F",1,16.61,4.3,"Yes",2,2,2,3,2,1,2,2,3,2,4,1,1,4,4,5,5,NA,NA
584,"Atlantic","Current","Standard",33,"M",1,22.12,7.8,"Yes",4,4,5,4,3,5,3,4,4,3,3,3,4,5,4,4,2,NA,NA
585,"Ontario_prospect","Current","Standard",39,"M",2,17.06,4.8,"Yes",3,3,3,3,2,3,3,2,4,4,4,5,4,3,3,4,3,NA,NA
586,"Atlantic","Lapsed","Standard",55,"F",4,19.47,4.5,"No",3,3,3,3,3,3,3,2,3,3,4,4,3,5,4,4,5,5.5,5.5
587,"Atlantic","Current","Signature",40,"Nonbinary",10,21.46,7.2,"Yes",4,4,3,4,3,4,2,2,2,2,3,1,3,3,4,3,4,NA,NA
588,"Atlantic","Lapsed","Standard",28,"F",6,15.38,5.3,"No",4,4,4,3,3,3,3,4,3,5,4,2,4,3,4,2,2,NA,NA
589,"Ontario_prospect","Current","Standard",49,"M",20,19.32,5.8,"Yes",3,3,2,2,4,3,4,3,4,3,3,3,2,4,4,3,3,NA,NA
590,"Atlantic","Current","Standard",39,"M",43,22.17,5.8,"No",4,4,3,4,3,1,1,1,1,3,3,3,2,3,3,2,3,NA,NA
591,"Ontario_prospect","Current","Signature",53,"M",39,16.59,5.5,"No",3,2,2,1,1,3,4,3,4,1,2,2,1,3,5,4,4,7.7,7.8
592,"Ontario_prospect","Current","Standard",45,"M",5,19.61,5.2,"No",1,2,1,2,2,4,3,4,5,2,1,3,3,2,3,4,3,NA,NA
593,"Ontario_prospect","Current","Standard",41,"M",1,20.3,5.7,"Yes",3,3,4,3,2,3,3,2,2,1,3,2,3,2,2,2,3,NA,NA
594,"Ontario_prospect","Current","Standard",55,"F",21,23.25,4.4,"Yes",3,2,4,2,4,3,3,3,1,1,5,3,2,2,2,4,2,NA,NA
595,"Atlantic","Current","Discovery",34,"M",8,27.31,7,"No",3,3,4,3,3,3,3,3,4,2,2,1,2,3,2,2,3,NA,NA
596,"Ontario_prospect","Current","Standard",38,"M",15,18.29,4,"No",1,2,2,2,2,4,3,4,3,2,3,3,3,3,2,3,4,NA,NA
597,"Ontario_prospect","Current","Signature",52,"F",9,27.63,5.2,"Yes",4,3,5,3,3,4,1,3,2,1,1,1,1,2,1,1,2,NA,NA
598,"Atlantic","Current","Standard",44,"F",25,23.16,6.6,"No",1,2,2,2,2,2,4,4,3,4,4,3,4,3,4,4,3,NA,NA
599,"Atlantic","Current","Standard",35,"M",20,19.08,5.3,"Yes",2,2,1,2,2,2,3,2,2,1,1,3,2,3,3,2,2,NA,NA
600,"Ontario_prospect","Lapsed","Signature",37,"F",31,15.94,4.3,"No",4,4,3,5,5,3,3,4,3,5,5,2,4,4,3,4,4,NA,NA
601,"Ontario_prospect","Current","Discovery",33,"Nonbinary",27,26.39,6,"No",2,2,3,3,2,3,4,4,4,3,4,3,4,3,2,4,4,6.6,7
602,"Atlantic","Lapsed","Standard",44,"M",1,22.59,3.4,"Yes",1,2,1,2,3,2,4,4,4,2,2,1,3,2,3,2,3,NA,NA
603,"Ontario_prospect","Lapsed","Signature",47,"F",9,18.06,4.6,"No",3,1,1,2,1,1,2,2,2,2,4,3,3,3,2,3,4,NA,NA
604,"Ontario_prospect","Current","Signature",29,"F",31,22.72,7.9,"No",5,3,4,2,4,3,1,2,2,5,4,3,5,2,4,4,4,NA,NA
605,"Atlantic","Lapsed","Standard",49,"F",2,13.31,6,"No",1,3,2,4,2,2,3,3,4,4,3,3,3,3,3,3,4,NA,NA
606,"Atlantic","Current","Signature",31,"F",1,19.05,4,"Yes",1,3,3,2,3,2,3,4,4,3,3,3,5,3,2,4,2,5.6,4.3
607,"Ontario_prospect","Current","Standard",66,"M",26,19.72,6,"Yes",2,1,2,2,3,3,4,3,3,2,3,4,3,5,5,5,4,NA,NA
608,"Atlantic","Current","Discovery",33,"M",2,28.55,7.5,"No",3,2,3,1,2,3,3,2,4,2,2,3,5,5,3,4,3,NA,NA
609,"Ontario_prospect","Current","Standard",21,"F",24,16.42,5.1,"Yes",4,4,5,4,4,3,2,3,3,3,2,3,3,4,5,4,3,5.7,4
610,"Atlantic","Current","Standard",33,"M",30,21.35,4.9,"No",4,2,2,2,2,4,3,3,2,4,2,4,3,2,2,2,3,NA,NA
611,"Atlantic","Current","Standard",47,"F",17,24.61,4.8,"No",1,2,3,3,1,2,3,3,2,5,4,4,5,3,4,2,5,5.9,7.4
612,"Atlantic","Current","Discovery",50,"F",5,23.66,6.1,"No",3,4,3,3,4,4,3,3,4,4,3,5,3,3,2,3,3,NA,NA
613,"Atlantic","Current","Signature",48,"F",30,17.32,6.7,"Yes",4,2,4,4,4,4,4,4,3,3,2,2,4,2,3,3,2,8,9.3
614,"Atlantic","Lapsed","Discovery",48,"M",42,22.08,5.6,"Yes",2,3,4,4,2,3,2,2,3,2,3,2,4,3,1,3,2,NA,NA
615,"Atlantic","Current","Standard",33,"M",27,23.67,5.4,"No",4,3,5,5,4,3,1,2,2,1,2,2,1,3,4,2,3,NA,NA
616,"Atlantic","Current","Standard",43,"F",1,19.74,5.3,"No",3,4,3,4,4,3,3,2,3,1,2,3,2,3,4,4,3,8.1,7.9
617,"Ontario_prospect","Current","Standard",49,"F",1,24.17,5,"No",4,5,5,4,4,3,2,5,2,5,4,4,4,4,4,4,4,8.6,8.9
618,"Atlantic","Current","Standard",45,"F",5,25.41,7,"Yes",2,2,3,3,3,4,4,4,3,5,5,3,5,4,3,4,4,NA,NA
619,"Atlantic","Current","Standard",37,"F",21,21.61,5.8,"Yes",3,2,3,1,2,4,4,4,5,2,3,2,2,3,4,4,1,5.7,6.9
620,"Atlantic","Current","Discovery",56,"F",34,32.3,6.2,"Yes",3,4,3,4,4,3,2,3,4,1,3,1,2,2,4,4,4,4.7,4.3
621,"Atlantic","Current","Discovery",50,"M",15,20.88,8.1,"Yes",3,2,3,2,4,2,3,2,2,4,5,3,2,2,3,3,3,NA,NA
622,"Ontario_prospect","Current","Standard",21,"F",5,18.2,6.7,"No",5,5,5,4,3,5,4,4,5,3,2,3,4,2,1,3,2,NA,NA
623,"Ontario_prospect","Current","Standard",39,"M",15,22.4,5.7,"Yes",3,3,4,4,3,2,2,2,3,3,4,5,2,4,3,3,4,NA,NA
624,"Atlantic","Current","Discovery",23,"M",10,27.46,6.9,"Yes",4,2,2,4,2,2,3,2,1,3,4,3,5,3,4,4,3,NA,NA
625,"Atlantic","Current","Standard",43,"F",5,15.32,6,"No",4,3,3,2,4,3,5,2,2,5,4,4,5,4,3,5,5,NA,NA
626,"Atlantic","Current","Signature",38,"F",2,26.29,4.9,"No",3,3,5,2,3,4,5,3,3,2,4,2,2,3,4,4,3,NA,NA
627,"Atlantic","Current","Signature",41,"F",31,20.23,5.7,"No",2,1,3,2,1,2,4,3,5,1,4,3,4,4,3,5,4,NA,NA
628,"Ontario_prospect","Current","Standard",24,"F",2,20.77,6.8,"No",3,3,3,5,2,2,3,2,3,4,2,3,3,3,4,2,4,5.9,6.4
629,"Atlantic","Current","Standard",39,"F",14,14.44,4.4,"No",4,4,3,3,2,2,2,3,2,1,1,1,1,1,3,2,2,NA,NA
630,"Ontario_prospect","Lapsed","Signature",37,"F",7,20.03,3.7,"Yes",2,3,4,3,2,4,4,4,4,2,4,3,4,2,2,2,2,5.7,7.5
631,"Atlantic","Current","Standard",41,"M",6,19.53,6.6,"No",3,3,3,4,3,5,4,5,5,4,3,3,4,3,3,2,2,NA,NA
632,"Atlantic","Current","Standard",44,"M",31,18.2,8.2,"No",4,4,5,4,4,4,3,1,3,3,2,3,3,3,3,3,3,NA,NA
633,"Atlantic","Current","Signature",27,"M",4,24.49,5.9,"Yes",5,4,4,4,4,2,1,1,2,2,2,2,3,3,3,4,4,NA,NA
634,"Atlantic","Current","Discovery",22,"F",22,24.52,7,"No",4,4,4,4,4,3,3,4,3,2,2,3,3,3,2,2,2,NA,NA
635,"Ontario_prospect","Current","Signature",41,"F",7,19.28,4.6,"No",3,3,2,4,4,4,3,4,3,3,3,2,2,2,2,5,3,NA,NA
636,"Atlantic","Current","Discovery",44,"M",5,24.61,7.5,"Yes",4,4,4,2,2,4,5,3,4,4,4,3,3,4,3,3,3,NA,NA
637,"Atlantic","Current","Signature",39,"F",4,25.72,6.2,"Yes",1,2,1,2,1,2,1,3,3,2,1,1,1,3,3,4,3,NA,NA
638,"Atlantic","Current","Standard",57,"M",42,20.19,5.1,"Yes",4,4,4,4,4,2,3,2,1,2,1,1,2,2,2,3,2,NA,NA
639,"Ontario_prospect","Current","Standard",49,"M",32,17.67,7.5,"No",4,4,5,5,3,2,1,2,2,1,3,2,3,2,2,1,4,NA,NA
640,"Ontario_prospect","Current","Signature",39,"F",59,23.84,7.9,"No",3,5,4,2,5,4,4,2,2,3,1,2,3,3,1,1,3,NA,NA
641,"Atlantic","Current","Signature",31,"F",17,25.77,4.2,"No",4,3,4,4,2,2,2,2,3,2,5,4,5,4,3,5,3,NA,NA
642,"Atlantic","Current","Standard",36,"M",66,16.62,6.5,"No",4,5,5,5,5,1,1,1,1,3,3,3,3,2,2,2,2,NA,NA
643,"Ontario_prospect","Current","Signature",31,"M",61,21.03,7.1,"No",3,3,4,2,2,3,4,5,2,3,3,5,3,5,2,2,3,NA,NA
644,"Ontario_prospect","Current","Standard",35,"F",10,16.62,6.3,"Yes",2,1,3,1,2,1,1,1,2,3,2,2,2,5,4,4,3,NA,NA
645,"Atlantic","Current","Signature",31,"F",2,21.48,4.2,"No",1,2,2,2,2,1,1,2,2,2,1,2,3,1,1,1,1,NA,NA
646,"Ontario_prospect","Current","Signature",31,"F",8,14.35,6.4,"Yes",2,2,2,3,1,3,4,5,2,3,2,3,4,2,2,3,3,4.9,4.6
647,"Atlantic","Current","Discovery",31,"M",49,26.73,6.5,"Yes",5,4,5,4,3,4,5,5,5,4,3,3,2,4,5,5,5,6.9,7.7
648,"Atlantic","Current","Standard",37,"F",12,19,5.4,"Yes",3,2,1,3,3,3,2,4,4,4,4,2,4,4,5,4,4,NA,NA
649,"Atlantic","Current","Standard",23,"F",17,20.61,5,"No",3,3,3,4,1,2,3,2,1,1,2,3,1,2,3,3,2,NA,NA
650,"Ontario_prospect","Lapsed","Signature",23,"M",5,16.8,5.4,"No",2,3,2,1,3,2,2,1,2,4,3,4,5,2,2,2,2,6.5,5.6
651,"Atlantic","Current","Signature",47,"M",53,17.6,5.5,"No",5,5,5,5,4,3,1,1,3,1,3,2,1,4,3,3,4,NA,NA
652,"Atlantic","Current","Standard",49,"M",1,18.54,5.1,"No",3,2,2,4,3,4,1,3,3,2,1,3,3,4,3,3,3,NA,NA
653,"Atlantic","Current","Standard",34,"M",2,22.26,8.7,"Yes",4,4,5,5,3,4,3,2,4,5,4,3,2,4,3,3,4,NA,NA
654,"Atlantic","Current","Standard",31,"M",18,23.99,6.4,"No",3,3,5,1,3,4,5,4,5,3,3,2,2,3,3,4,4,NA,NA
655,"Ontario_prospect","Current","Standard",28,"M",14,18.31,6.1,"Yes",3,4,4,2,2,2,2,3,2,2,1,2,2,3,2,2,2,NA,NA
656,"Ontario_prospect","Current","Standard",21,"M",18,24.19,6.3,"No",3,4,5,3,5,3,3,2,4,2,3,2,3,4,5,3,4,NA,NA
657,"Ontario_prospect","Current","Standard",57,"F",1,19.43,3.4,"Yes",2,2,2,2,2,3,4,5,2,2,2,2,2,3,2,2,2,NA,NA
658,"Atlantic","Current","Standard",42,"Nonbinary",1,20.3,6.5,"No",2,3,4,3,2,3,4,4,3,4,3,2,2,2,2,4,4,5,5.2
659,"Atlantic","Current","Signature",30,"F",12,27.06,4.7,"No",4,5,3,4,3,4,3,5,4,3,2,3,3,1,2,3,2,6.4,8.1
660,"Ontario_prospect","Current","Signature",51,"F",13,28.55,5.5,"Yes",4,3,2,2,3,4,4,4,2,3,3,3,2,3,3,3,4,NA,NA
661,"Atlantic","Current","Standard",40,"F",9,17.72,6.5,"No",2,2,3,4,3,1,1,1,2,1,2,1,2,2,2,2,2,7.2,7.8
662,"Ontario_prospect","Current","Standard",46,"F",12,21.15,6.5,"No",3,2,2,1,3,4,3,3,4,3,3,4,2,5,3,3,4,NA,NA
663,"Atlantic","Current","Standard",25,"F",57,21.68,5.7,"Yes",3,3,3,3,1,3,2,3,3,3,3,3,4,2,2,2,1,NA,NA
664,"Atlantic","Current","Standard",35,"M",39,21.08,6.5,"Yes",5,2,3,4,5,4,3,5,2,5,5,5,5,2,2,1,2,NA,NA
665,"Atlantic","Current","Standard",59,"F",35,26,6.5,"No",3,4,2,2,4,2,1,3,2,4,3,2,2,3,5,4,5,6.7,8.6
666,"Ontario_prospect","Current","Discovery",42,"M",12,20.45,7.4,"No",4,3,4,4,5,3,4,3,5,3,1,3,2,1,2,4,2,NA,NA
667,"Atlantic","Current","Standard",31,"F",21,24.07,4.9,"No",3,4,3,3,3,3,5,4,4,3,2,3,3,3,4,3,3,6.5,7.4
668,"Atlantic","Current","Signature",29,"F",49,26.27,4.9,"Yes",3,2,1,1,2,1,1,1,1,1,1,1,2,4,4,3,4,6.5,6.7
669,"Ontario_prospect","Current","Discovery",37,"F",23,26.4,6,"No",2,3,3,2,3,2,3,3,1,4,4,3,3,1,4,4,5,5.1,6.4
670,"Ontario_prospect","Current","Signature",41,"M",5,21.04,6.6,"No",4,5,3,2,4,2,2,2,2,4,4,4,4,3,4,4,3,7.5,7.6
671,"Atlantic","Current","Standard",39,"F",3,24.26,7.2,"No",3,2,3,4,4,5,4,5,3,4,3,3,2,3,2,3,4,NA,NA
672,"Atlantic","Current","Signature",32,"F",25,21.94,6.7,"No",4,4,5,5,3,2,2,2,2,3,3,2,3,3,2,3,2,NA,NA
673,"Ontario_prospect","Current","Standard",39,"F",27,21.32,5.2,"No",4,5,4,3,4,4,2,4,3,3,3,3,3,2,2,2,3,NA,NA
674,"Atlantic","Current","Standard",37,"F",5,23.09,6.5,"Yes",3,3,3,3,3,3,3,2,3,5,5,3,4,4,4,4,4,NA,NA
675,"Atlantic","Current","Discovery",46,"F",9,22.91,6.5,"Yes",2,2,3,2,2,3,4,3,5,3,4,5,3,5,3,3,3,NA,NA
676,"Ontario_prospect","Current","Standard",42,"F",12,17.13,7.5,"No",3,2,3,4,3,3,5,4,3,4,3,2,3,3,3,2,4,NA,NA
677,"Atlantic","Current","Signature",23,"F",11,26.82,6.5,"No",4,4,4,5,3,3,3,3,5,4,5,4,4,4,3,3,2,7.2,8.7
678,"Ontario_prospect","Lapsed","Standard",31,"M",1,12.24,4.6,"Yes",3,2,3,3,1,4,3,4,3,4,2,2,3,4,3,3,3,NA,NA
679,"Atlantic","Current","Standard",26,"F",8,19.3,4.6,"Yes",2,3,2,3,2,3,4,4,4,5,5,4,5,5,5,4,5,NA,NA
680,"Atlantic","Current","Standard",38,"F",12,24.54,6.7,"Yes",2,2,2,1,1,3,5,4,5,3,5,5,5,5,4,5,5,NA,NA
681,"Atlantic","Current","Standard",44,"F",7,18.88,6.3,"No",3,2,3,2,4,2,2,1,4,3,4,3,3,5,4,4,4,NA,NA
682,"Ontario_prospect","Current","Signature",51,"F",10,20.64,7.3,"No",5,5,5,5,4,5,3,5,2,2,2,2,3,3,3,4,3,9.5,10.4
683,"Atlantic","Lapsed","Signature",33,"Nonbinary",22,27.62,2.9,"No",3,2,2,2,3,2,4,3,3,1,2,2,1,2,1,1,2,NA,NA
684,"Ontario_prospect","Current","Standard",26,"F",20,19.46,5.9,"No",3,2,3,1,1,5,4,5,4,2,3,4,3,3,4,3,4,5.1,5.5
685,"Ontario_prospect","Current","Standard",36,"M",3,21.08,7.6,"No",3,3,4,3,4,4,4,4,4,5,3,5,5,2,2,4,4,6.6,7.7
686,"Atlantic","Current","Signature",28,"Nonbinary",1,20.74,4,"Yes",2,4,2,4,5,2,4,2,2,2,2,2,3,3,2,1,4,NA,NA
687,"Atlantic","Current","Standard",25,"M",1,25.11,3.7,"No",3,4,3,3,3,2,3,2,1,3,1,3,3,4,4,3,4,NA,NA
688,"Atlantic","Current","Standard",43,"F",60,25.81,6.4,"No",5,5,5,4,4,4,2,2,2,2,3,3,4,2,3,3,3,NA,NA
689,"Atlantic","Current","Discovery",50,"M",26,23.11,5.4,"Yes",2,2,2,2,1,4,3,4,2,2,2,2,2,5,5,4,4,NA,NA
690,"Ontario_prospect","Lapsed","Standard",37,"F",23,12.89,4,"No",4,3,5,3,4,3,1,4,2,2,1,2,2,4,4,4,4,NA,NA
691,"Ontario_prospect","Current","Signature",25,"F",34,25.39,6.6,"Yes",3,3,4,3,3,4,3,4,4,3,3,4,4,3,3,3,2,NA,NA
692,"Atlantic","Current","Signature",35,"M",1,18.75,5.9,"Yes",2,2,1,2,1,5,4,3,5,1,3,1,1,4,4,3,3,NA,NA
693,"Atlantic","Current","Signature",25,"M",23,25.52,3.7,"Yes",3,3,2,3,4,5,5,4,3,3,3,4,5,2,2,5,4,NA,NA
694,"Ontario_prospect","Current","Standard",47,"F",12,17.23,6.4,"No",2,2,3,2,1,5,3,4,5,5,4,3,3,4,4,3,4,NA,NA
695,"Atlantic","Current","Discovery",27,"F",7,22.75,6.6,"Yes",2,2,1,2,1,4,3,3,4,5,5,5,4,3,3,2,3,7.9,8.1
696,"Atlantic","Current","Discovery",35,"F",32,26.7,8.1,"No",3,4,3,5,5,4,2,2,1,2,4,3,4,4,4,5,3,6.9,7.5
697,"Ontario_prospect","Current","Standard",25,"F",32,15.48,6.3,"No",3,2,2,3,2,4,3,3,3,4,4,4,4,2,4,2,2,NA,NA
698,"Atlantic","Current","Standard",49,"F",14,21.26,5.8,"Yes",4,4,5,4,4,3,3,4,3,4,5,1,3,4,4,3,3,5,6.2
699,"Atlantic","Lapsed","Standard",35,"F",17,16.77,5.1,"Yes",4,4,4,4,3,1,2,2,2,4,2,3,2,3,2,4,4,NA,NA
700,"Atlantic","Lapsed","Signature",37,"M",9,12.95,5,"No",4,3,5,5,4,2,2,2,2,1,2,1,2,1,3,2,3,NA,NA
701,"Atlantic","Lapsed","Standard",29,"M",1,15.96,4.8,"No",2,3,3,3,2,2,2,3,2,5,3,5,5,2,5,3,1,7.5,7.8
702,"Atlantic","Current","Standard",21,"M",26,22.44,5.2,"No",3,3,3,3,2,5,4,2,2,3,3,2,2,4,5,5,5,NA,NA
703,"Atlantic","Current","Signature",43,"M",14,23.32,5.4,"Yes",2,2,2,2,3,4,4,4,4,4,4,4,5,3,4,1,4,NA,NA
704,"Ontario_prospect","Current","Discovery",38,"M",48,28.74,6.3,"No",1,4,1,2,4,5,4,4,3,3,3,5,5,3,3,5,4,7.2,9.1
705,"Ontario_prospect","Current","Signature",48,"M",14,23.91,6.1,"Yes",2,3,3,2,2,3,3,3,4,4,5,4,4,5,4,3,3,NA,NA
706,"Atlantic","Current","Signature",61,"M",15,20.67,5.8,"Yes",2,2,2,2,2,3,3,3,4,3,4,4,4,3,3,2,4,5,3.7
707,"Ontario_prospect","Current","Signature",42,"F",26,25.87,5.4,"Yes",3,5,4,4,3,1,1,1,1,3,3,4,3,2,4,3,3,NA,NA
708,"Ontario_prospect","Current","Signature",47,"F",7,17.52,4.6,"No",4,3,3,2,3,4,3,3,1,2,3,3,1,1,2,1,1,NA,NA
709,"Atlantic","Current","Discovery",44,"M",3,23.61,6.6,"No",5,4,1,4,3,3,3,4,3,3,3,2,2,3,3,4,3,NA,NA
710,"Ontario_prospect","Current","Signature",33,"F",26,21.77,7.3,"No",4,3,4,4,2,4,3,2,3,2,2,2,3,5,5,3,3,NA,NA
711,"Atlantic","Lapsed","Signature",21,"M",8,22.03,5.7,"Yes",1,2,2,4,2,3,3,3,3,3,3,1,1,4,3,4,2,NA,NA
712,"Ontario_prospect","Current","Discovery",41,"F",16,25.23,6.6,"No",2,3,3,4,3,5,4,5,2,2,2,3,3,1,2,1,3,NA,NA
713,"Atlantic","Current","Discovery",52,"M",10,22.99,5.6,"Yes",3,3,4,3,4,3,3,3,4,2,3,2,2,5,5,3,4,5.1,4.7
714,"Ontario_prospect","Lapsed","Signature",35,"F",11,18.65,5.2,"No",4,3,4,3,3,2,2,3,1,3,3,2,1,4,1,3,2,6.7,7
715,"Ontario_prospect","Current","Standard",43,"F",7,19.59,5.7,"No",3,2,1,2,1,3,3,3,4,2,3,2,3,1,1,3,1,7.1,7.4
716,"Atlantic","Current","Signature",38,"Nonbinary",19,20.89,7.7,"Yes",2,1,1,2,1,4,4,5,2,5,5,5,5,3,4,3,4,5.7,4.5
717,"Atlantic","Current","Standard",42,"F",18,22.91,2.9,"No",2,3,4,4,1,5,3,3,4,3,3,3,2,1,1,3,2,NA,NA
718,"Ontario_prospect","Current","Signature",49,"M",11,20.89,4.9,"No",3,3,2,4,3,2,2,2,4,3,2,3,2,4,3,4,4,NA,NA
719,"Atlantic","Current","Signature",56,"M",8,22.65,5.4,"No",5,4,4,4,2,3,2,2,5,2,1,2,3,3,2,2,1,6.7,7.8
720,"Ontario_prospect","Current","Standard",41,"M",1,14.67,4.3,"No",3,4,3,4,3,5,4,4,5,3,3,3,2,3,3,3,3,5.4,4.5
721,"Atlantic","Current","Signature",41,"F",16,19.21,5.2,"No",4,4,4,4,4,2,2,2,4,5,4,4,3,3,4,3,4,NA,NA
722,"Ontario_prospect","Lapsed","Discovery",32,"F",6,24.82,4.3,"Yes",4,4,4,3,5,1,2,1,2,2,4,3,2,3,1,1,2,NA,NA
723,"Atlantic","Current","Signature",35,"F",42,22.82,5.2,"Yes",2,3,2,2,3,2,1,2,2,4,3,3,3,3,2,3,2,NA,NA
724,"Ontario_prospect","Lapsed","Standard",29,"F",2,21.14,5.5,"Yes",5,5,5,5,5,5,4,3,3,4,4,3,3,3,4,3,3,NA,NA
725,"Atlantic","Current","Standard",75,"M",10,21.18,5,"Yes",3,3,3,2,2,1,1,2,2,1,3,1,1,2,1,2,1,5.9,5
726,"Atlantic","Current","Signature",34,"M",29,16.71,6.4,"Yes",4,4,4,5,4,2,1,1,2,4,2,2,3,2,2,3,3,NA,NA
727,"Ontario_prospect","Lapsed","Signature",48,"F",5,17.46,5,"No",5,5,5,4,5,4,3,2,2,4,4,4,4,1,2,2,3,NA,NA
728,"Ontario_prospect","Current","Standard",46,"F",14,16.85,5.2,"No",3,4,3,3,3,3,2,4,3,3,3,3,3,4,5,5,5,NA,NA
729,"Atlantic","Current","Standard",35,"Nonbinary",10,20.92,5.2,"No",2,2,1,1,2,2,1,3,2,3,3,2,2,2,4,2,2,6.8,8
730,"Atlantic","Current","Standard",51,"M",16,20.38,3.5,"Yes",3,2,2,3,3,3,3,3,4,3,2,3,1,3,3,4,4,7.3,8.1
731,"Ontario_prospect","Current","Discovery",36,"M",32,24.01,5.7,"No",3,4,5,5,5,2,4,4,2,3,3,2,1,2,4,4,3,5.7,7
732,"Atlantic","Current","Standard",45,"F",9,22.88,4.9,"No",3,2,3,1,2,3,3,3,4,4,4,3,4,4,4,2,2,NA,NA
733,"Atlantic","Current","Discovery",44,"F",2,26.17,6.3,"No",3,4,2,2,3,3,4,2,1,3,3,3,3,3,2,4,4,NA,NA
734,"Ontario_prospect","Current","Standard",24,"F",8,18.63,6.9,"Yes",3,4,3,3,2,5,4,4,5,3,3,2,3,3,3,2,3,NA,NA
735,"Atlantic","Current","Standard",47,"F",45,28.2,5.9,"No",4,5,5,4,4,3,1,2,3,4,3,2,3,4,4,3,3,NA,NA
736,"Atlantic","Current","Standard",23,"M",1,26.14,6.1,"No",5,5,4,5,3,4,2,2,2,2,5,4,4,2,3,3,3,NA,NA
737,"Ontario_prospect","Current","Discovery",30,"M",10,16.66,6.6,"No",3,4,3,4,3,2,4,4,3,2,1,1,2,2,3,2,3,NA,NA
738,"Atlantic","Current","Standard",60,"M",1,19.82,4.6,"No",3,4,3,2,3,2,3,5,2,4,2,1,4,3,1,3,3,NA,NA
739,"Atlantic","Current","Signature",35,"F",9,21.55,5.6,"No",3,1,2,1,4,3,5,3,2,4,3,3,4,1,3,2,2,NA,NA
740,"Ontario_prospect","Current","Signature",57,"F",31,28.08,6.3,"Yes",2,2,4,2,2,3,4,2,3,2,1,2,1,2,4,5,3,NA,NA
741,"Ontario_prospect","Current","Signature",53,"F",27,19.5,6.9,"No",3,3,3,3,4,3,1,4,2,2,1,2,2,3,3,5,4,NA,NA
742,"Atlantic","Current","Discovery",44,"F",11,26.6,8.7,"Yes",5,5,4,5,5,5,4,4,5,4,4,3,3,3,2,4,2,4.4,4.9
743,"Atlantic","Current","Signature",21,"M",2,19.89,5.6,"No",3,3,4,3,3,4,5,1,3,4,5,3,4,3,1,1,2,NA,NA
744,"Atlantic","Lapsed","Standard",48,"F",3,25.79,4.8,"Yes",3,4,4,4,3,3,3,1,2,3,3,5,5,5,3,3,4,NA,NA
745,"Atlantic","Current","Standard",34,"F",1,16.54,5.5,"No",4,2,5,2,4,2,2,2,3,1,1,1,2,3,1,2,2,4.1,4.6
746,"Atlantic","Current","Discovery",39,"M",33,23,7.3,"No",4,4,5,4,4,3,2,3,4,2,3,3,3,4,3,4,4,NA,NA
747,"Ontario_prospect","Current","Discovery",45,"F",17,21.48,5.4,"Yes",1,1,1,1,2,2,3,3,3,4,3,3,4,3,2,3,4,NA,NA
748,"Ontario_prospect","Current","Standard",47,"F",8,19.61,5,"No",5,5,3,4,4,2,3,2,4,3,3,4,4,4,3,3,4,NA,NA
749,"Atlantic","Current","Standard",31,"F",8,18.3,5.1,"No",2,1,2,3,1,3,3,4,3,3,3,3,3,2,4,1,3,NA,NA
750,"Atlantic","Current","Standard",26,"F",5,18,4.7,"Yes",3,3,3,4,3,4,3,5,2,2,1,2,2,3,3,3,2,NA,NA
751,"Ontario_prospect","Current","Signature",31,"F",32,22.38,6.5,"Yes",4,3,5,5,5,3,4,5,4,4,4,2,3,2,4,4,3,NA,NA
752,"Ontario_prospect","Current","Signature",62,"F",37,24.97,8.4,"No",3,5,5,4,5,5,5,5,3,3,4,3,2,2,4,4,2,NA,NA
753,"Atlantic","Current","Signature",21,"M",4,20.36,5.4,"Yes",3,1,1,1,4,3,2,1,2,2,2,3,3,4,4,5,4,NA,NA
754,"Atlantic","Lapsed","Signature",29,"F",2,20.69,4.3,"Yes",1,2,2,2,3,3,3,2,3,4,5,4,4,1,3,3,1,6.2,6.4
755,"Atlantic","Current","Standard",43,"M",10,21.44,7,"No",4,5,5,4,4,1,2,1,1,3,1,3,1,2,5,4,4,NA,NA
756,"Ontario_prospect","Lapsed","Standard",21,"F",5,10.03,3.7,"Yes",2,1,2,3,1,2,3,2,3,2,1,1,2,4,1,3,3,NA,NA
757,"Atlantic","Current","Signature",24,"M",52,23.75,6.8,"Yes",5,5,5,5,5,3,3,4,3,2,3,2,2,3,3,2,4,NA,NA
758,"Atlantic","Current","Signature",21,"M",4,19.93,6.8,"No",3,4,2,4,3,4,3,4,2,3,3,4,2,2,2,1,1,6.6,6.5
759,"Ontario_prospect","Current","Standard",27,"M",1,17.62,7.1,"No",4,3,3,4,3,3,4,4,3,4,3,4,3,5,5,4,5,NA,NA
760,"Atlantic","Current","Standard",48,"F",39,22.35,7.2,"Yes",4,2,3,5,5,4,4,3,3,3,3,5,2,4,4,4,5,NA,NA
761,"Ontario_prospect","Current","Signature",28,"F",30,12.57,6.1,"Yes",5,5,4,5,4,3,3,2,3,1,2,3,2,4,4,3,4,NA,NA
762,"Atlantic","Lapsed","Standard",21,"F",6,17.71,3.9,"Yes",3,3,2,3,2,3,4,5,4,2,1,2,2,3,2,3,2,NA,NA
763,"Atlantic","Current","Signature",35,"F",10,23.56,5.7,"No",2,2,2,3,3,3,4,5,3,5,4,4,4,5,3,4,4,NA,NA
764,"Atlantic","Current","Standard",31,"M",4,21.79,4.2,"No",2,4,3,3,4,3,4,3,3,1,2,1,1,3,5,3,4,6.2,6.9
765,"Atlantic","Current","Standard",37,"F",23,20.42,5,"No",4,4,5,3,2,2,2,3,2,2,3,2,1,3,3,2,2,NA,NA
766,"Atlantic","Current","Standard",29,"M",18,16.28,3.8,"No",2,3,3,3,2,3,2,2,3,3,2,4,3,4,4,2,3,NA,NA
767,"Ontario_prospect","Current","Discovery",35,"M",11,24.09,5.9,"No",4,3,3,4,4,2,2,3,3,4,4,3,3,3,5,4,3,NA,NA
768,"Ontario_prospect","Lapsed","Signature",62,"M",23,12.44,4.1,"No",4,4,3,4,3,4,3,5,3,4,3,3,3,3,4,3,5,NA,NA
769,"Ontario_prospect","Lapsed","Signature",21,"M",19,15.42,4.6,"No",1,1,2,1,1,3,3,3,5,4,3,4,4,3,1,3,3,6.1,7.8
770,"Atlantic","Current","Signature",39,"M",15,28.73,6.1,"No",3,2,2,4,2,2,3,3,2,4,5,4,4,3,4,4,3,NA,NA
771,"Ontario_prospect","Current","Standard",28,"M",5,18.51,7.9,"No",4,5,5,5,5,3,3,4,3,4,4,5,4,3,4,4,2,NA,NA
772,"Atlantic","Current","Discovery",32,"F",2,23.15,7,"No",3,4,3,5,3,4,2,3,1,2,2,3,2,3,4,4,3,NA,NA
773,"Ontario_prospect","Current","Standard",31,"M",15,21,6.2,"Yes",2,4,3,2,2,1,2,2,2,2,2,2,2,3,4,2,3,NA,NA
774,"Atlantic","Current","Signature",50,"F",4,22.49,6.3,"Yes",2,3,4,3,2,3,4,3,3,3,2,3,3,3,3,2,2,6.7,7.7
775,"Ontario_prospect","Current","Discovery",45,"F",23,20.93,5.5,"No",1,1,1,2,2,2,3,2,3,2,1,2,1,2,5,3,5,NA,NA
776,"Atlantic","Current","Signature",26,"M",3,26.92,5,"Yes",3,2,3,3,2,2,4,3,4,3,3,2,4,2,2,3,3,NA,NA
777,"Atlantic","Current","Discovery",48,"M",3,23.06,6.9,"No",1,4,2,3,2,4,4,3,2,4,4,4,4,3,2,4,3,5.7,5.2
778,"Atlantic","Current","Discovery",27,"M",11,24.29,4.7,"No",3,3,3,4,3,2,2,3,2,2,2,3,2,3,3,3,1,NA,NA
779,"Atlantic","Current","Signature",51,"F",26,28.94,4.8,"Yes",4,1,4,3,2,3,3,4,3,4,3,3,4,5,3,3,3,NA,NA
780,"Ontario_prospect","Current","Standard",42,"M",17,17.64,4.6,"No",4,3,3,2,5,2,1,1,1,2,2,2,1,1,3,3,3,NA,NA
781,"Ontario_prospect","Current","Signature",44,"F",2,16.56,6.4,"Yes",3,4,3,2,2,3,3,4,2,2,3,2,4,1,1,3,3,8.2,7.5
782,"Atlantic","Current","Discovery",56,"M",3,26.53,9,"No",4,4,5,4,4,4,3,4,4,4,3,3,3,4,3,3,5,NA,NA
783,"Ontario_prospect","Current","Signature",46,"F",27,17.05,5.7,"Yes",2,2,3,2,2,3,3,2,1,3,2,2,1,2,2,4,3,NA,NA
784,"Ontario_prospect","Current","Discovery",44,"F",67,27.43,6,"No",4,4,4,3,2,4,4,1,2,3,3,3,3,4,2,3,3,4.3,5.8
785,"Atlantic","Lapsed","Discovery",28,"F",1,17.34,5.1,"No",3,2,2,2,3,2,2,2,3,1,2,1,2,5,3,4,4,NA,NA
786,"Atlantic","Current","Standard",36,"M",13,25.65,4.7,"Yes",4,3,4,4,4,1,2,1,1,5,3,4,4,3,2,3,4,5.5,6.4
787,"Atlantic","Current","Signature",37,"M",3,23.62,6.4,"Yes",4,4,2,4,4,3,3,3,1,2,4,3,3,4,4,3,3,NA,NA
788,"Atlantic","Current","Standard",31,"F",2,23.5,6.6,"Yes",3,4,3,3,1,2,3,1,3,2,5,3,4,2,3,1,3,NA,NA
789,"Atlantic","Lapsed","Standard",37,"F",17,21.56,3.8,"No",2,2,2,2,2,3,3,4,4,5,5,5,4,3,3,3,2,NA,NA
790,"Atlantic","Current","Signature",43,"F",12,18.03,6.8,"No",4,4,2,3,3,4,3,4,4,2,3,3,2,3,3,4,3,NA,NA
791,"Atlantic","Current","Signature",29,"F",6,24.26,6.9,"Yes",5,5,5,5,4,5,4,4,3,3,4,3,2,2,2,2,2,NA,NA
792,"Atlantic","Current","Signature",31,"F",4,21.15,6.5,"No",3,3,4,3,4,3,4,5,4,3,3,4,4,4,4,3,3,NA,NA
793,"Atlantic","Current","Discovery",56,"M",13,26.09,6.7,"Yes",3,3,3,5,3,3,2,2,1,1,3,5,3,2,3,2,2,NA,NA
794,"Ontario_prospect","Current","Standard",53,"M",6,13.11,6.2,"No",3,2,2,2,1,2,2,3,2,4,3,4,2,4,4,5,4,NA,NA
795,"Ontario_prospect","Lapsed","Standard",33,"M",1,16.37,4.2,"No",1,2,2,1,3,3,3,4,3,3,4,2,3,4,2,4,5,7.1,7.3
796,"Ontario_prospect","Lapsed","Signature",39,"F",1,19.78,3.4,"No",2,1,3,1,2,2,3,3,2,4,2,4,1,1,2,2,2,NA,NA
797,"Atlantic","Current","Discovery",23,"F",15,25.67,5.3,"Yes",3,5,4,5,4,2,4,2,2,2,3,3,3,4,1,2,3,NA,NA
798,"Atlantic","Current","Standard",37,"M",38,21.88,5.8,"Yes",2,3,3,3,2,4,3,3,3,4,3,3,4,3,4,5,5,NA,NA
799,"Ontario_prospect","Current","Standard",55,"F",5,24.48,5.6,"No",3,2,2,3,3,3,3,4,1,3,2,2,2,3,3,3,2,NA,NA
800,"Ontario_prospect","Current","Signature",30,"F",54,25.07,5.3,"No",4,4,4,5,4,3,4,4,2,3,3,3,4,1,1,1,1,NA,NA
